month,year,FG3_per_game,FG3A_per_game,FG3_PCT,AST_per_game,PTS_per_game,possessions_per_game_smooth,three_point_introduction,shortened_three_point_line,reverted_three_point_line,defensive_three_second_rule,curry_era,off_season
1952-10-01,1952,0.0,0.0,0.0,0.0,75.5,,0,0,0,0,0,1
1952-11-01,1952,0.0,0.0,0.0,4.4520547945205475,84.23972602739725,,0,0,0,0,0,0
1952-12-01,1952,0.0,0.0,0.0,4.198630136986301,82.9931506849315,36.89413444309577,0,0,0,0,0,0
1953-01-01,1953,0.0,0.0,0.0,4.094936708860759,82.19620253164557,35.64976024803665,0,0,0,0,0,0
1953-02-01,1953,0.0,0.0,0.0,3.923076923076923,81.51282051282051,32.67623235444919,0,0,0,0,0,0
1953-03-01,1953,0.0,0.0,0.0,2.641304347826087,81.59782608695652,47.47693157084462,0,0,0,0,0,0
1953-04-01,1953,0.0,0.0,0.0,3.142857142857143,79.07142857142857,48.385734989648036,0,0,0,0,0,0
1953-05-01,1953,0.0,0.0,0.0,0.0,0.0,,0,0,0,0,0,1
1953-06-01,1953,0.0,0.0,0.0,0.0,0.0,,0,0,0,0,0,1
1953-07-01,1953,0.0,0.0,0.0,0.0,0.0,,0,0,0,0,0,1
1953-08-01,1953,0.0,0.0,0.0,0.0,0.0,,0,0,0,0,0,1
1953-09-01,1953,0.0,0.0,0.0,0.0,0.0,,0,0,0,0,0,1
1953-10-01,1953,0.0,0.0,0.0,6.75,72.25,55.47014430014431,0,0,0,0,0,0
1953-11-01,1953,0.0,0.0,0.0,8.31060606060606,77.50757575757575,46.07564694564695,0,0,0,0,0,0
1953-12-01,1953,0.0,0.0,0.0,8.444444444444445,80.42063492063492,47.96934063934065,0,0,0,0,0,0
1954-01-01,1954,0.0,0.0,0.0,6.006756756756757,78.57432432432432,46.13544786544787,0,0,0,0,0,0
1954-02-01,1954,0.0,0.0,0.0,6.5,81.37179487179488,44.688992838992846,0,0,0,0,0,0
1954-03-01,1954,0.0,0.0,0.0,7.447368421052632,82.52631578947368,57.28418803418803,0,0,0,0,0,0
1954-04-01,1954,0.0,0.0,0.0,11.583333333333334,72.58333333333333,55.49355555555555,0,0,0,0,0,0
1954-05-01,1954,0.0,0.0,0.0,0.0,0.0,,0,0,0,0,0,1
1954-06-01,1954,0.0,0.0,0.0,0.0,0.0,,0,0,0,0,0,1
1954-07-01,1954,0.0,0.0,0.0,0.0,0.0,,0,0,0,0,0,1
1954-08-01,1954,0.0,0.0,0.0,0.0,0.0,,0,0,0,0,0,1
1954-09-01,1954,0.0,0.0,0.0,0.0,0.0,,0,0,0,0,0,1
1954-10-01,1954,0.0,0.0,0.0,6.7,90.0,59.26855555555556,0,0,0,0,0,0
1954-11-01,1954,0.0,0.0,0.0,9.7375,91.425,50.99030158730159,0,0,0,0,0,0
1954-12-01,1954,0.0,0.0,0.0,8.944444444444445,92.69047619047619,54.64589807852966,0,0,0,0,0,0
1955-01-01,1955,0.0,0.0,0.0,8.394736842105264,92.42763157894737,53.82526427571276,0,0,0,0,0,0
1955-02-01,1955,0.0,0.0,0.0,7.549295774647887,93.59154929577464,49.80806369851218,0,0,0,0,0,0
1955-03-01,1955,0.0,0.0,0.0,5.742424242424242,96.56060606060606,48.193356096173005,0,0,0,0,0,0
1955-04-01,1955,0.0,0.0,0.0,6.166666666666667,92.33333333333333,52.63145366710585,0,0,0,0,0,0
1955-05-01,1955,0.0,0.0,0.0,0.0,0.0,,0,0,0,0,0,1
1955-06-01,1955,0.0,0.0,0.0,0.0,0.0,,0,0,0,0,0,1
1955-07-01,1955,0.0,0.0,0.0,0.0,0.0,,0,0,0,0,0,1
1955-08-01,1955,0.0,0.0,0.0,0.0,0.0,,0,0,0,0,0,1
1955-09-01,1955,0.0,0.0,0.0,0.0,0.0,,0,0,0,0,0,1
1955-10-01,1955,0.0,0.0,0.0,0.0,0.0,,0,0,0,0,0,1
1955-11-01,1955,0.0,0.0,0.0,11.880434782608695,97.53260869565217,61.11039220502744,0,0,0,0,0,0
1955-12-01,1955,0.0,0.0,0.0,11.838983050847459,97.46610169491525,71.90202279665803,0,0,0,0,0,0
1956-01-01,1956,0.0,0.0,0.0,13.227272727272727,99.27272727272727,75.80127331425638,0,0,0,0,0,0
1956-02-01,1956,0.0,0.0,0.0,11.821428571428571,98.99285714285715,80.88612265512266,0,0,0,0,0,0
1956-03-01,1956,0.0,0.0,0.0,12.333333333333334,103.02777777777777,90.54226984126984,0,0,0,0,0,0
1956-04-01,1956,0.0,0.0,0.0,22.875,95.25,85.09055555555555,0,0,0,0,0,0
1956-05-01,1956,0.0,0.0,0.0,0.0,0.0,,0,0,0,0,0,1
1956-06-01,1956,0.0,0.0,0.0,0.0,0.0,,0,0,0,0,0,1
1956-07-01,1956,0.0,0.0,0.0,0.0,0.0,,0,0,0,0,0,1
1956-08-01,1956,0.0,0.0,0.0,0.0,0.0,,0,0,0,0,0,1
1956-09-01,1956,0.0,0.0,0.0,0.0,0.0,,0,0,0,0,0,1
1956-10-01,1956,0.0,0.0,0.0,7.083333333333333,94.33333333333333,80.7640606060606,0,0,0,0,0,0
1956-11-01,1956,0.0,0.0,0.0,7.609090909090909,94.87272727272727,68.60332614278377,0,0,0,0,0,0
1956-12-01,1956,0.0,0.0,0.0,8.64406779661017,100.55932203389831,69.1903737618314,0,0,0,0,0,0
1957-01-01,1957,0.0,0.0,0.0,8.021428571428572,99.85,67.0133719793002,0,0,0,0,0,0
1957-02-01,1957,0.0,0.0,0.0,6.080882352941177,102.66911764705883,68.60766199813258,0,0,0,0,0,0
1957-03-01,1957,0.0,0.0,0.0,6.283333333333333,100.01666666666667,88.03261437908498,0,0,0,0,0,0
1957-04-01,1957,0.0,0.0,0.0,17.5,111.0,84.63777777777779,0,0,0,0,0,0
1957-05-01,1957,0.0,0.0,0.0,0.0,0.0,,0,0,0,0,0,1
1957-06-01,1957,0.0,0.0,0.0,0.0,0.0,,0,0,0,0,0,1
1957-07-01,1957,0.0,0.0,0.0,0.0,0.0,,0,0,0,0,0,1
1957-08-01,1957,0.0,0.0,0.0,0.0,0.0,,0,0,0,0,0,1
1957-09-01,1957,0.0,0.0,0.0,0.0,0.0,,0,0,0,0,0,1
1957-10-01,1957,0.0,0.0,0.0,2.5,104.44444444444444,85.53422222222223,0,0,0,0,0,0
1957-11-01,1957,0.0,0.0,0.0,7.455357142857143,103.94642857142857,67.45641577060933,0,0,0,0,0,0
1957-12-01,1957,0.0,0.0,0.0,7.451612903225806,109.83064516129032,73.73863799283156,0,0,0,0,0,0
1958-01-01,1958,0.0,0.0,0.0,7.7101449275362315,108.04347826086956,74.32471642420408,0,0,0,0,0,0
1958-02-01,1958,0.0,0.0,0.0,8.823529411764707,105.22058823529412,80.2266339869281,0,0,0,0,0,0
1958-03-01,1958,0.0,0.0,0.0,9.958333333333334,105.33333333333333,94.72052287581698,0,0,0,0,0,0
1958-04-01,1958,0.0,0.0,0.0,10.75,105.875,97.86898989898991,0,0,0,0,0,0
1958-05-01,1958,0.0,0.0,0.0,0.0,0.0,,0,0,0,0,0,1
1958-06-01,1958,0.0,0.0,0.0,0.0,0.0,,0,0,0,0,0,1
1958-07-01,1958,0.0,0.0,0.0,0.0,0.0,,0,0,0,0,0,1
1958-08-01,1958,0.0,0.0,0.0,0.0,0.0,,0,0,0,0,0,1
1958-09-01,1958,0.0,0.0,0.0,0.0,0.0,,0,0,0,0,0,1
1958-10-01,1958,0.0,0.0,0.0,3.3181818181818183,106.04545454545455,96.96258639021796,0,0,0,0,0,0
1958-11-01,1958,0.0,0.0,0.0,7.37719298245614,105.14912280701755,85.68436799941337,0,0,0,0,0,0
1958-12-01,1958,0.0,0.0,0.0,8.03448275862069,104.99137931034483,82.55752207538434,0,0,0,0,0,0
1959-01-01,1959,0.0,0.0,0.0,7.408450704225352,107.57042253521126,84.30593947304517,0,0,0,0,0,0
1959-02-01,1959,0.0,0.0,0.0,9.40625,112.0546875,87.07619490088682,0,0,0,0,0,0
1959-03-01,1959,0.0,0.0,0.0,9.12962962962963,115.9074074074074,104.97916203703704,0,0,0,0,0,0
1959-04-01,1959,0.0,0.0,0.0,21.3,118.8,94.649754985755,0,0,0,0,0,0
1959-05-01,1959,0.0,0.0,0.0,0.0,0.0,,0,0,0,0,0,1
1959-06-01,1959,0.0,0.0,0.0,0.0,0.0,,0,0,0,0,0,1
1959-07-01,1959,0.0,0.0,0.0,0.0,0.0,,0,0,0,0,0,1
1959-08-01,1959,0.0,0.0,0.0,0.0,0.0,,0,0,0,0,0,1
1959-09-01,1959,0.0,0.0,0.0,0.0,0.0,,0,0,0,0,0,1
1959-10-01,1959,0.0,0.0,0.0,4.730769230769231,111.57692307692308,88.84305128205126,0,0,0,0,0,0
1959-11-01,1959,0.0,0.0,0.0,7.966666666666667,111.43333333333334,68.6223846153846,0,0,0,0,0,0
1959-12-01,1959,0.0,0.0,0.0,8.766129032258064,114.4758064516129,76.69423004694835,0,0,0,0,0,0
1960-01-01,1960,0.0,0.0,0.0,10.852112676056338,118.17605633802818,78.28232263954095,0,0,0,0,0,0
1960-02-01,1960,0.0,0.0,0.0,10.222222222222221,116.29166666666667,85.36323173045004,0,0,0,0,0,0
1960-03-01,1960,0.0,0.0,0.0,13.613636363636363,118.36363636363636,94.94133501683501,0,0,0,0,0,0
1960-04-01,1960,0.0,0.0,0.0,22.3,105.1,95.75216835016835,0,0,0,0,0,0
1960-05-01,1960,0.0,0.0,0.0,0.0,0.0,,0,0,0,0,0,1
1960-06-01,1960,0.0,0.0,0.0,0.0,0.0,,0,0,0,0,0,1
1960-07-01,1960,0.0,0.0,0.0,0.0,0.0,,0,0,0,0,0,1
1960-08-01,1960,0.0,0.0,0.0,0.0,0.0,,0,0,0,0,0,1
1960-09-01,1960,0.0,0.0,0.0,0.0,0.0,,0,0,0,0,0,1
1960-10-01,1960,0.0,0.0,0.0,8.86111111111111,116.69444444444444,92.55137037037036,0,0,0,0,0,0
1960-11-01,1960,0.0,0.0,0.0,11.458333333333334,117.55833333333334,84.67978703703703,0,0,0,0,0,0
1960-12-01,1960,0.0,0.0,0.0,10.265625,116.2734375,89.6287012937595,0,0,0,0,0,0
1961-01-01,1961,0.0,0.0,0.0,10.767123287671232,118.08904109589041,92.36619581645122,0,0,0,0,0,0
1961-02-01,1961,0.0,0.0,0.0,10.915492957746478,120.05633802816901,91.48911248311788,0,0,0,0,0,0
1961-03-01,1961,0.0,0.0,0.0,11.35,120.06666666666666,101.36316118935838,0,0,0,0,0,0
1961-04-01,1961,0.0,0.0,0.0,19.75,113.0,107.04191919191919,0,0,0,0,0,0
1961-05-01,1961,0.0,0.0,0.0,0.0,0.0,,0,0,0,0,0,1
1961-06-01,1961,0.0,0.0,0.0,0.0,0.0,,0,0,0,0,0,1
1961-07-01,1961,0.0,0.0,0.0,0.0,0.0,,0,0,0,0,0,1
1961-08-01,1961,0.0,0.0,0.0,0.0,0.0,,0,0,0,0,0,1
1961-09-01,1961,0.0,0.0,0.0,0.0,0.0,,0,0,0,0,0,1
1961-10-01,1961,0.0,0.0,0.0,9.772727272727273,118.54545454545455,109.04914996114996,0,0,0,0,0,0
1961-11-01,1961,0.0,0.0,0.0,9.36923076923077,118.07692307692308,97.66800999000998,0,0,0,0,0,0
1961-12-01,1961,0.0,0.0,0.0,10.707792207792208,117.48701298701299,89.22089635364637,0,0,0,0,0,0
1962-01-01,1962,0.0,0.0,0.0,8.98125,118.05625,88.8219582673424,0,0,0,0,0,0
1962-02-01,1962,0.0,0.0,0.0,10.451219512195122,120.25,86.70852307508369,0,0,0,0,0,0
1962-03-01,1962,0.0,0.0,0.0,6.602941176470588,121.47058823529412,96.23290943872006,0,0,0,0,0,0
1962-04-01,1962,0.0,0.0,0.0,20.5,113.9090909090909,95.13017231134877,0,0,0,0,0,0
1962-05-01,1962,0.0,0.0,0.0,0.0,0.0,,0,0,0,0,0,1
1962-06-01,1962,0.0,0.0,0.0,0.0,0.0,,0,0,0,0,0,1
1962-07-01,1962,0.0,0.0,0.0,0.0,0.0,,0,0,0,0,0,1
1962-08-01,1962,0.0,0.0,0.0,0.0,0.0,,0,0,0,0,0,1
1962-09-01,1962,0.0,0.0,0.0,0.0,0.0,,0,0,0,0,0,1
1962-10-01,1962,0.0,0.0,0.0,9.25925925925926,116.27777777777777,95.07046642899586,0,0,0,0,0,0
1962-11-01,1962,0.0,0.0,0.0,10.911764705882353,115.09558823529412,84.80178244631186,0,0,0,0,0,0
1962-12-01,1962,0.0,0.0,0.0,10.678571428571429,114.58571428571429,85.36640232935281,0,0,0,0,0,0
1963-01-01,1963,0.0,0.0,0.0,12.046052631578947,115.6842105263158,85.317671679198,0,0,0,0,0,0
1963-02-01,1963,0.0,0.0,0.0,11.94078947368421,114.72368421052632,87.35310689514485,0,0,0,0,0,0
1963-03-01,1963,0.0,0.0,0.0,14.372093023255815,116.22093023255815,96.14418145654834,0,0,0,0,0,0
1963-04-01,1963,0.0,0.0,0.0,21.3125,114.1875,98.93003265862761,0,0,0,0,0,0
1963-05-01,1963,0.0,0.0,0.0,0.0,0.0,,0,0,0,0,0,1
1963-06-01,1963,0.0,0.0,0.0,0.0,0.0,,0,0,0,0,0,1
1963-07-01,1963,0.0,0.0,0.0,0.0,0.0,,0,0,0,0,0,1
1963-08-01,1963,0.0,0.0,0.0,0.0,0.0,,0,0,0,0,0,1
1963-09-01,1963,0.0,0.0,0.0,0.0,0.0,,0,0,0,0,0,1
1963-10-01,1963,0.0,0.0,0.0,15.814814814814815,109.85185185185185,104.1939307760141,0,0,0,0,0,0
1963-11-01,1963,0.0,0.0,0.0,15.912698412698413,109.62698412698413,98.47803431136765,0,0,0,0,0,0
1963-12-01,1963,0.0,0.0,0.0,16.174242424242426,111.21212121212122,99.64584178128483,0,0,0,0,0,0
1964-01-01,1964,0.0,0.0,0.0,14.670886075949367,110.48101265822785,95.38396113029025,0,0,0,0,0,0
1964-02-01,1964,0.0,0.0,0.0,14.639240506329115,111.91772151898734,93.63701339203816,0,0,0,0,0,0
1964-03-01,1964,0.0,0.0,0.0,17.152173913043477,112.59782608695652,98.88164419372593,0,0,0,0,0,0
1964-04-01,1964,0.0,0.0,0.0,21.875,103.9375,99.19160472183263,0,0,0,0,0,0
1964-05-01,1964,0.0,0.0,0.0,0.0,0.0,,0,0,0,0,0,1
1964-06-01,1964,0.0,0.0,0.0,0.0,0.0,,0,0,0,0,0,1
1964-07-01,1964,0.0,0.0,0.0,0.0,0.0,,0,0,0,0,0,1
1964-08-01,1964,0.0,0.0,0.0,0.0,0.0,,0,0,0,0,0,1
1964-09-01,1964,0.0,0.0,0.0,0.0,0.0,,0,0,0,0,0,1
1964-10-01,1964,0.0,0.0,0.0,14.709677419354838,106.79032258064517,103.10438172043011,0,0,0,0,0,0
1964-11-01,1964,0.0,0.0,0.0,19.64516129032258,110.33064516129032,99.10271505376345,0,0,0,0,0,0
1964-12-01,1964,0.0,0.0,0.0,16.17361111111111,112.89583333333333,101.92692480483134,0,0,0,0,0,0
1965-01-01,1965,0.0,0.0,0.0,17.075342465753426,108.78082191780823,101.17774200913243,0,0,0,0,0,0
1965-02-01,1965,0.0,0.0,0.0,17.192857142857143,111.57142857142857,102.33665226554268,0,0,0,0,0,0
1965-03-01,1965,0.0,0.0,0.0,17.39423076923077,111.46153846153847,108.32822507122506,0,0,0,0,0,0
1965-04-01,1965,0.0,0.0,0.0,21.36111111111111,114.30555555555556,109.58978828961587,0,0,0,0,0,0
1965-05-01,1965,0.0,0.0,0.0,0.0,0.0,,0,0,0,0,0,1
1965-06-01,1965,0.0,0.0,0.0,0.0,0.0,,0,0,0,0,0,1
1965-07-01,1965,0.0,0.0,0.0,0.0,0.0,,0,0,0,0,0,1
1965-08-01,1965,0.0,0.0,0.0,0.0,0.0,,0,0,0,0,0,1
1965-09-01,1965,0.0,0.0,0.0,0.0,0.0,,0,0,0,0,0,1
1965-10-01,1965,0.0,0.0,0.0,19.017241379310345,110.67241379310344,113.58485146315729,0,0,0,0,0,0
1965-11-01,1965,0.0,0.0,0.0,21.13768115942029,116.14492753623189,111.33870331500917,0,0,0,0,0,0
1965-12-01,1965,0.0,0.0,0.0,20.853846153846153,116.07692307692308,112.5233623188406,0,0,0,0,0,0
1966-01-01,1966,0.0,0.0,0.0,20.173333333333332,115.44,109.83254106280192,0,0,0,0,0,0
1966-02-01,1966,0.0,0.0,0.0,20.782608695652176,115.07971014492753,109.3689687357579,0,0,0,0,0,0
1966-03-01,1966,0.0,0.0,0.0,20.830188679245282,117.27358490566037,110.87741318020237,0,0,0,0,0,0
1966-04-01,1966,0.0,0.0,0.0,21.975,114.1,109.30234924158343,0,0,0,0,0,0
1966-05-01,1966,0.0,0.0,0.0,0.0,0.0,,0,0,0,0,0,1
1966-06-01,1966,0.0,0.0,0.0,0.0,0.0,,0,0,0,0,0,1
1966-07-01,1966,0.0,0.0,0.0,0.0,0.0,,0,0,0,0,0,1
1966-08-01,1966,0.0,0.0,0.0,0.0,0.0,,0,0,0,0,0,1
1966-09-01,1966,0.0,0.0,0.0,0.0,0.0,,0,0,0,0,0,1
1966-10-01,1966,0.0,0.0,0.0,17.11764705882353,115.8970588235294,107.5019735166794,0,0,0,0,0,0
1966-11-01,1966,0.0,0.0,0.0,18.123376623376622,116.35714285714286,104.03593748064337,0,0,0,0,0,0
1966-12-01,1966,0.0,0.0,0.0,18.75,116.38513513513513,106.22026988026988,0,0,0,0,0,0
1967-01-01,1967,0.0,0.0,0.0,19.035714285714285,116.78571428571429,105.39555126555126,0,0,0,0,0,0
1967-02-01,1967,0.0,0.0,0.0,18.128205128205128,120.0,106.24262178434593,0,0,0,0,0,0
1967-03-01,1967,0.0,0.0,0.0,19.870689655172413,118.6896551724138,111.50347892720306,0,0,0,0,0,0
1967-04-01,1967,0.0,0.0,0.0,23.833333333333332,117.86666666666666,115.08840646343496,0,0,0,0,0,0
1967-05-01,1967,0.0,0.0,0.0,0.0,0.0,,0,0,0,0,0,1
1967-06-01,1967,0.0,0.0,0.0,0.0,0.0,,0,0,0,0,0,1
1967-07-01,1967,0.0,0.0,0.0,0.0,0.0,,0,0,0,0,0,1
1967-08-01,1967,0.0,0.0,0.0,0.0,0.0,,0,0,0,0,0,1
1967-09-01,1967,0.0,0.0,0.0,0.0,0.0,,0,0,0,0,0,1
1967-10-01,1967,0.0,0.0,0.0,20.206521739130434,112.69565217391305,115.45233494363929,0,0,0,0,0,0
1967-11-01,1967,0.0,0.0,0.0,20.288888888888888,115.82222222222222,110.47579327697262,0,0,0,0,0,0
1967-12-01,1967,0.0,0.0,0.0,20.364583333333332,117.33333333333333,108.79229431216932,0,0,0,0,0,0
1968-01-01,1968,0.0,0.0,0.0,20.434065934065934,116.64835164835165,109.95195719954648,0,0,0,0,0,0
1968-02-01,1968,0.0,0.0,0.0,21.617346938775512,117.09183673469387,110.91840183960909,0,0,0,0,0,0
1968-03-01,1968,0.0,0.0,0.0,22.901408450704224,118.42957746478874,112.69399081204017,0,0,0,0,0,0
1968-04-01,1968,0.0,0.0,0.0,21.63157894736842,112.44736842105263,112.58269829503335,0,0,0,0,0,0
1968-05-01,1968,0.0,0.0,0.0,23.0,116.5,110.49229532163743,0,0,0,0,0,0
1968-06-01,1968,0.0,0.0,0.0,0.0,0.0,,0,0,0,0,0,1
1968-07-01,1968,0.0,0.0,0.0,0.0,0.0,,0,0,0,0,0,1
1968-08-01,1968,0.0,0.0,0.0,0.0,0.0,,0,0,0,0,0,1
1968-09-01,1968,0.0,0.0,0.0,0.0,0.0,,0,0,0,0,0,1
1968-10-01,1968,0.0,0.0,0.0,20.572916666666668,111.77083333333333,108.99083333333333,0,0,0,0,0,0
1968-11-01,1968,0.0,0.0,0.0,20.96759259259259,113.55092592592592,108.10630952380951,0,0,0,0,0,0
1968-12-01,1968,0.0,0.0,0.0,21.897321428571427,111.41071428571429,108.70529100529102,0,0,0,0,0,0
1969-01-01,1969,0.0,0.0,0.0,20.828703703703702,109.97222222222223,109.2514785690015,0,0,0,0,0,0
1969-02-01,1969,0.0,0.0,0.0,22.39908256880734,112.80733944954129,111.23308103021071,0,0,0,0,0,0
1969-03-01,1969,0.0,0.0,0.0,22.915730337078653,114.52247191011236,110.56855510428478,0,0,0,0,0,0
1969-04-01,1969,0.0,0.0,0.0,21.26,102.74,110.27014531835205,0,0,0,0,0,0
1969-05-01,1969,0.0,0.0,0.0,20.333333333333332,104.0,108.99385098039215,0,0,0,0,0,0
1969-06-01,1969,0.0,0.0,0.0,0.0,0.0,,0,0,0,0,0,1
1969-07-01,1969,0.0,0.0,0.0,0.0,0.0,,0,0,0,0,0,1
1969-08-01,1969,0.0,0.0,0.0,0.0,0.0,,0,0,0,0,0,1
1969-09-01,1969,0.0,0.0,0.0,0.0,0.0,,0,0,0,0,0,1
1969-10-01,1969,0.0,0.0,0.0,22.441176470588236,113.88235294117646,110.88066310160427,0,0,0,0,0,0
1969-11-01,1969,0.0,0.0,0.0,22.513636363636362,116.49090909090908,111.50697262541381,0,0,0,0,0,0
1969-12-01,1969,0.0,0.0,0.0,24.151785714285715,115.46428571428571,110.40398541313759,0,0,0,0,0,0
1970-01-01,1970,0.0,0.0,0.0,22.882608695652173,115.94347826086957,109.88803185890366,0,0,0,0,0,0
1970-02-01,1970,0.0,0.0,0.0,24.35514018691589,118.92990654205607,111.129317271803,0,0,0,0,0,0
1970-03-01,1970,0.0,0.0,0.0,24.259493670886076,118.60126582278481,113.07513128146483,0,0,0,0,0,0
1970-04-01,1970,0.0,0.0,0.0,23.458333333333332,110.0625,111.51287271448662,0,0,0,0,0,0
1970-05-01,1970,0.0,0.0,0.0,29.375,112.875,108.9763,0,0,0,0,0,0
1970-06-01,1970,0.0,0.0,0.0,0.0,0.0,,0,0,0,0,0,1
1970-07-01,1970,0.0,0.0,0.0,0.0,0.0,,0,0,0,0,0,1
1970-08-01,1970,0.0,0.0,0.0,0.0,0.0,,0,0,0,0,0,1
1970-09-01,1970,0.0,0.0,0.0,0.0,0.0,,0,0,0,0,0,1
1970-10-01,1970,0.0,0.0,0.0,21.346666666666668,111.9,107.25609855810008,0,0,0,0,0,0
1970-11-01,1970,0.0,0.0,0.0,23.35496183206107,111.16030534351145,108.48373537402047,0,0,0,0,0,0
1970-12-01,1970,0.0,0.0,0.0,23.690298507462686,112.16044776119404,109.72273784315628,0,0,0,0,0,0
1971-01-01,1971,0.0,0.0,0.0,23.211111111111112,113.83333333333333,110.49372817394509,0,0,0,0,0,0
1971-02-01,1971,0.0,0.0,0.0,23.884,112.484,111.33672709685631,0,0,0,0,0,0
1971-03-01,1971,0.0,0.0,0.0,24.438144329896907,112.81443298969072,109.13176907216496,0,0,0,0,0,0
1971-04-01,1971,0.0,0.0,0.0,21.18,101.86,106.95160330639919,0,0,0,0,0,0
1971-05-01,1971,0.0,0.0,0.0,0.0,0.0,,0,0,0,0,0,1
1971-06-01,1971,0.0,0.0,0.0,0.0,0.0,,0,0,0,0,0,1
1971-07-01,1971,0.0,0.0,0.0,0.0,0.0,,0,0,0,0,0,1
1971-08-01,1971,0.0,0.0,0.0,0.0,0.0,,0,0,0,0,0,1
1971-09-01,1971,0.0,0.0,0.0,0.0,0.0,,0,0,0,0,0,1
1971-10-01,1971,0.0,0.0,0.0,21.10810810810811,106.14864864864865,104.03554739950035,0,0,0,0,0,0
1971-11-01,1971,0.0,0.0,0.0,22.26890756302521,109.76050420168067,104.23861204596498,0,0,0,0,0,0
1971-12-01,1971,0.0,0.0,0.0,22.609848484848484,109.80681818181819,104.96679716656946,0,0,0,0,0,0
1972-01-01,1972,0.0,0.0,0.0,23.096774193548388,111.36693548387096,105.22111027867561,0,0,0,0,0,0
1972-02-01,1972,0.0,0.0,0.0,23.576642335766422,110.94525547445255,105.22390989647523,0,0,0,0,0,0
1972-03-01,1972,0.0,0.0,0.0,23.25225225225225,111.54054054054055,105.5365522700316,0,0,0,0,0,0
1972-04-01,1972,0.0,0.0,0.0,21.944444444444443,106.20370370370371,107.3171037704371,0,0,0,0,0,0
1972-05-01,1972,0.0,0.0,0.0,21.833333333333332,107.33333333333333,107.65881353214688,0,0,0,0,0,0
1972-06-01,1972,0.0,0.0,0.0,0.0,0.0,,0,0,0,0,0,1
1972-07-01,1972,0.0,0.0,0.0,0.0,0.0,,0,0,0,0,0,1
1972-08-01,1972,0.0,0.0,0.0,0.0,0.0,,0,0,0,0,0,1
1972-09-01,1972,0.0,0.0,0.0,0.0,0.0,,0,0,0,0,0,1
1972-10-01,1972,0.0,0.0,0.0,22.467532467532468,105.1103896103896,107.39600251600251,0,0,0,0,0,0
1972-11-01,1972,0.0,0.0,0.0,22.931623931623932,106.56410256410257,106.30286015489139,0,0,0,0,0,0
1972-12-01,1972,0.0,0.0,0.0,23.99609375,106.8203125,105.68063612891739,0,0,0,0,0,0
1973-01-01,1973,0.0,0.0,0.0,23.0078125,106.9296875,104.98521337365592,0,0,0,0,0,0
1973-02-01,1973,0.0,0.0,0.0,24.096774193548388,108.15322580645162,104.94231237433343,0,0,0,0,0,0
1973-03-01,1973,0.0,0.0,0.0,25.146341463414632,111.0569105691057,105.08967348544452,0,0,0,0,0,0
1973-04-01,1973,0.0,0.0,0.0,23.363636363636363,103.46969696969697,104.40751219512195,0,0,0,0,0,0
1973-05-01,1973,0.0,0.0,0.0,20.6,98.7,101.22487242798354,0,0,0,0,0,0
1973-06-01,1973,0.0,0.0,0.0,0.0,0.0,,0,0,0,0,0,1
1973-07-01,1973,0.0,0.0,0.0,0.0,0.0,,0,0,0,0,0,1
1973-08-01,1973,0.0,0.0,0.0,0.0,0.0,,0,0,0,0,0,1
1973-09-01,1973,0.0,0.0,0.0,0.0,0.0,,0,0,0,0,0,1
1973-10-01,1973,0.0,0.0,0.0,22.938271604938272,104.83333333333333,97.22350490661601,0,0,0,0,0,0
1973-11-01,1973,0.0,0.0,0.0,22.94871794871795,106.74786324786325,94.80545362456473,0,0,0,0,0,0
1973-12-01,1973,0.0,0.0,0.0,24.926923076923078,105.81923076923077,92.45100883430295,0,0,0,0,0,0
1974-01-01,1974,0.0,0.0,0.0,22.827731092436974,104.77310924369748,93.15118650440188,0,0,0,0,0,0
1974-02-01,1974,0.0,0.0,0.0,23.346456692913385,104.77952755905511,92.76145458862118,0,0,0,0,0,0
1974-03-01,1974,0.0,0.0,0.0,23.73170731707317,107.3130081300813,95.67391583978832,0,0,0,0,0,0
1974-04-01,1974,0.0,0.0,0.0,22.083333333333332,99.11666666666666,91.72932791327912,0,0,0,0,0,0
1974-05-01,1974,0.0,0.0,0.0,23.3,93.9,91.04616029143898,0,0,0,0,0,0
1974-06-01,1974,0.0,0.0,0.0,0.0,0.0,,0,0,0,0,0,1
1974-07-01,1974,0.0,0.0,0.0,0.0,0.0,,0,0,0,0,0,1
1974-08-01,1974,0.0,0.0,0.0,0.0,0.0,,0,0,0,0,0,1
1974-09-01,1974,0.0,0.0,0.0,0.0,0.0,,0,0,0,0,0,1
1974-10-01,1974,0.0,0.0,0.0,23.065573770491802,102.80327868852459,89.14274427076714,0,0,0,0,0,0
1974-11-01,1974,0.0,0.0,0.0,23.368217054263567,102.36821705426357,92.03697016608396,0,0,0,0,0,0
1974-12-01,1974,0.0,0.0,0.0,21.925619834710744,100.68595041322314,91.61681666005636,0,0,0,0,0,0
1975-01-01,1975,0.0,0.0,0.0,22.232824427480917,103.79389312977099,90.8234890236853,0,0,0,0,0,0
1975-02-01,1975,0.0,0.0,0.0,22.590551181102363,102.5748031496063,90.9950250331304,0,0,0,0,0,0
1975-03-01,1975,0.0,0.0,0.0,23.62857142857143,103.16785714285714,93.13123280710602,0,0,0,0,0,0
1975-04-01,1975,0.0,0.0,0.0,24.56896551724138,103.98275862068965,92.83342945560189,0,0,0,0,0,0
1975-05-01,1975,0.0,0.0,0.0,20.0,96.3076923076923,94.70405464761416,0,0,0,0,0,0
1975-06-01,1975,0.0,0.0,0.0,0.0,0.0,,0,0,0,0,0,1
1975-07-01,1975,0.0,0.0,0.0,0.0,0.0,,0,0,0,0,0,1
1975-08-01,1975,0.0,0.0,0.0,0.0,0.0,,0,0,0,0,0,1
1975-09-01,1975,0.0,0.0,0.0,0.0,0.0,,0,0,0,0,0,1
1975-10-01,1975,0.0,0.0,0.0,20.983870967741936,102.33870967741936,94.7947146401985,0,0,0,0,0,0
1975-11-01,1975,0.0,0.0,0.0,23.616935483870968,103.03225806451613,96.15375454765949,0,0,0,0,0,0
1975-12-01,1975,0.0,0.0,0.0,22.80827067669173,103.1203007518797,95.12196319556612,0,0,0,0,0,0
1976-01-01,1976,0.0,0.0,0.0,22.659574468085108,105.21631205673759,94.16110573761189,0,0,0,0,0,0
1976-02-01,1976,0.0,0.0,0.0,22.735042735042736,103.61111111111111,94.64505728314238,0,0,0,0,0,0
1976-03-01,1976,0.0,0.0,0.0,23.0,105.96376811594203,95.55957264957264,0,0,0,0,0,0
1976-04-01,1976,0.0,0.0,0.0,22.51851851851852,106.72222222222223,93.49235294117648,0,0,0,0,0,0
1976-05-01,1976,0.0,0.0,0.0,23.0,99.8529411764706,92.04013071895425,0,0,0,0,0,0
1976-06-01,1976,0.0,0.0,0.0,22.333333333333332,106.16666666666667,92.43842436974789,0,0,0,0,0,0
1976-07-01,1976,0.0,0.0,0.0,0.0,0.0,,0,0,0,0,0,1
1976-08-01,1976,0.0,0.0,0.0,0.0,0.0,,0,0,0,0,0,1
1976-09-01,1976,0.0,0.0,0.0,0.0,0.0,,0,0,0,0,0,1
1976-10-01,1976,0.0,0.0,0.0,23.080357142857142,106.0625,95.82364718614718,0,0,0,0,0,0
1976-11-01,1976,0.0,0.0,0.0,23.272727272727273,107.20454545454545,97.54984676151874,0,0,0,0,0,0
1976-12-01,1976,0.0,0.0,0.0,23.35987261146497,105.6656050955414,96.85171771977859,0,0,0,0,0,0
1977-01-01,1977,0.0,0.0,0.0,23.212962962962962,105.83333333333333,96.26252291458377,0,0,0,0,0,0
1977-02-01,1977,0.0,0.0,0.0,24.067857142857143,106.81428571428572,96.30953902548674,0,0,0,0,0,0
1977-03-01,1977,0.0,0.0,0.0,24.211764705882352,106.17941176470588,96.28873949579831,0,0,0,0,0,0
1977-04-01,1977,0.0,0.0,0.0,25.373015873015873,108.7063492063492,95.63535854341738,0,0,0,0,0,0
1977-05-01,1977,0.0,0.0,0.0,24.775,105.175,94.41547619047618,0,0,0,0,0,0
1977-06-01,1977,0.0,0.0,0.0,24.25,107.5,97.91431216931217,0,0,0,0,0,0
1977-07-01,1977,0.0,0.0,0.0,0.0,0.0,,0,0,0,0,0,1
1977-08-01,1977,0.0,0.0,0.0,0.0,0.0,,0,0,0,0,0,1
1977-09-01,1977,0.0,0.0,0.0,0.0,0.0,,0,0,0,0,0,1
1977-10-01,1977,0.0,0.0,0.0,24.5,108.92063492063492,102.26140618640619,0,0,0,0,0,0
1977-11-01,1977,0.0,0.0,0.0,25.003205128205128,107.50961538461539,107.43759666259666,0,0,0,0,0,0
1977-12-01,1977,0.0,0.0,0.0,24.772727272727273,108.1038961038961,107.11282994782994,0,0,0,0,0,0
1978-01-01,1978,0.0,0.0,0.0,24.876623376623378,106.69155844155844,107.22486738613499,0,0,0,0,0,0
1978-02-01,1978,0.0,0.0,0.0,25.345070422535212,109.33450704225352,106.55077214803975,0,0,0,0,0,0
1978-03-01,1978,0.0,0.0,0.0,24.60857142857143,109.10285714285715,107.28369795786212,0,0,0,0,0,0
1978-04-01,1978,0.0,0.0,0.0,26.0,112.09482758620689,108.77250767893365,0,0,0,0,0,0
1978-05-01,1978,0.0,0.0,0.0,23.441176470588236,107.1470588235294,108.08819021861619,0,0,0,0,0,0
1978-06-01,1978,0.0,0.0,0.0,19.0,99.16666666666667,108.14264877880977,0,0,0,0,0,0
1978-07-01,1978,0.0,0.0,0.0,0.0,0.0,,0,0,0,0,0,1
1978-08-01,1978,0.0,0.0,0.0,0.0,0.0,,0,0,0,0,0,1
1978-09-01,1978,0.0,0.0,0.0,0.0,0.0,,0,0,0,0,0,1
1978-10-01,1978,0.0,0.0,0.0,23.9,111.22631578947369,106.99019649122806,0,0,0,0,0,0
1978-11-01,1978,0.0,0.0,0.0,25.876666666666665,110.79,107.8320187134503,0,0,0,0,0,0
1978-12-01,1978,0.0,0.0,0.0,25.496666666666666,109.15666666666667,107.55821388888889,0,0,0,0,0,0
1979-01-01,1979,0.0,0.0,0.0,25.953125,108.671875,107.18750917266188,0,0,0,0,0,0
1979-02-01,1979,0.0,0.0,0.0,25.823741007194243,110.31654676258992,108.07212858194457,0,0,0,0,0,0
1979-03-01,1979,0.0,0.0,0.0,26.439873417721518,112.33227848101266,108.75267024861124,0,0,0,0,0,0
1979-04-01,1979,0.0,0.0,0.0,26.29,109.99,108.53376326893182,0,0,0,0,0,0
1979-05-01,1979,0.0,0.0,0.0,23.394736842105264,104.07894736842105,105.54954385964913,0,0,0,0,0,0
1979-06-01,1979,0.0,0.0,0.0,22.0,95.0,104.80280379848705,0,0,0,0,0,0
1979-07-01,1979,0.0,0.0,0.0,0.0,0.0,,0,0,0,0,0,1
1979-08-01,1979,0.0,0.0,0.0,0.0,0.0,,0,0,0,0,0,1
1979-09-01,1979,0.0,0.0,0.0,0.0,0.0,,0,0,0,0,0,1
1979-10-01,1979,0.5825688073394495,2.0137614678899083,0.28929384965831434,24.6697247706422,107.86238532110092,105.41276517992806,1,0,0,0,0,0
1979-11-01,1979,0.550314465408805,2.147798742138365,0.2562225475841874,25.446540880503143,108.42138364779875,108.35410689900563,1,0,0,0,0,0
1979-12-01,1979,0.6132075471698113,2.2044025157232703,0.2781740370898716,26.18553459119497,109.89622641509433,108.22101750280338,1,0,0,0,0,0
1980-01-01,1980,0.9011627906976745,2.9738372093023258,0.30303030303030304,26.238372093023255,110.83430232558139,107.51229088766742,1,0,0,0,0,0
1980-02-01,1980,0.9847328244274809,3.030534351145038,0.3249370277078085,26.267175572519083,109.81297709923665,106.11145304455886,1,0,0,0,0,0
1980-03-01,1980,0.9796511627906976,2.872093023255814,0.34109311740890685,25.497093023255815,108.73255813953489,105.44801266065333,1,0,0,0,0,0
1980-04-01,1980,1.0595238095238095,3.9404761904761907,0.2688821752265861,24.952380952380953,103.52380952380952,104.93478959025471,1,0,0,0,0,0
1980-05-01,1980,0.08333333333333333,1.6666666666666667,0.049999999999999996,28.833333333333332,106.83333333333333,105.81973015873014,1,0,0,0,0,0
1980-06-01,1980,0.0,0.0,0.0,0.0,0.0,,1,0,0,0,0,1
1980-07-01,1980,0.0,0.0,0.0,0.0,0.0,,1,0,0,0,0,1
1980-08-01,1980,0.0,0.0,0.0,0.0,0.0,,1,0,0,0,0,1
1980-09-01,1980,0.0,0.0,0.0,0.0,0.0,,1,0,0,0,0,1
1980-10-01,1980,0.4791666666666667,1.7125,0.2798053527980536,24.55,105.7875,106.66453535353536,1,0,0,0,0,0
1980-11-01,1980,0.42424242424242425,1.7727272727272727,0.23931623931623933,25.73030303030303,108.39090909090909,107.046529998783,1,0,0,0,0,0
1980-12-01,1980,0.4307228915662651,1.6897590361445782,0.25490196078431376,25.602409638554217,107.0421686746988,106.28675421701321,1,0,0,0,0,0
1981-01-01,1981,0.44610778443113774,1.6616766467065869,0.26846846846846845,25.20359281437126,107.62874251497006,105.74392061786382,1,0,0,0,0,0
1981-02-01,1981,0.4967105263157895,1.986842105263158,0.25,25.404605263157894,108.88157894736842,105.86816232457507,1,0,0,0,0,0
1981-03-01,1981,0.6878612716763006,2.2976878612716765,0.2993710691823899,26.020231213872833,110.24277456647398,105.73644715027251,1,0,0,0,0,0
1981-04-01,1981,0.46511627906976744,2.1627906976744184,0.21505376344086022,23.5,101.77906976744185,102.26574539588654,1,0,0,0,0,0
1981-05-01,1981,0.4375,1.875,0.23333333333333334,20.875,92.375,102.29816401468788,1,0,0,0,0,0
1981-06-01,1981,0.0,0.0,0.0,0.0,0.0,,1,0,0,0,0,1
1981-07-01,1981,0.0,0.0,0.0,0.0,0.0,,1,0,0,0,0,1
1981-08-01,1981,0.0,0.0,0.0,0.0,0.0,,1,0,0,0,0,1
1981-09-01,1981,0.0,0.0,0.0,0.0,0.0,,1,0,0,0,0,1
1981-10-01,1981,0.4473684210526316,1.605263157894737,0.2786885245901639,23.55263157894737,107.65789473684211,102.30926645472744,1,0,0,0,0,0
1981-11-01,1981,0.5167785234899329,1.912751677852349,0.27017543859649124,24.043624161073826,105.73154362416108,105.30922605068702,1,0,0,0,0,0
1981-12-01,1981,0.5636363636363636,1.8757575757575757,0.30048465266558966,24.51818181818182,107.19090909090909,105.11706680642253,1,0,0,0,0,0
1982-01-01,1982,0.6442307692307693,2.2948717948717947,0.2807262569832403,25.291666666666668,109.62820512820512,105.48355254467755,1,0,0,0,0,0
1982-02-01,1982,0.59375,2.146875,0.2765647743813683,25.728125,109.59375,105.57633696345091,1,0,0,0,0,0
1982-03-01,1982,0.6906077348066298,2.24585635359116,0.3075030750307503,25.08011049723757,109.48618784530387,105.77472815927574,1,0,0,0,0,0
1982-04-01,1982,0.5663716814159292,2.0353982300884956,0.2782608695652174,26.56637168141593,110.15929203539822,106.49304156507283,1,0,0,0,0,0
1982-05-01,1982,0.6521739130434783,2.5434782608695654,0.2564102564102564,25.891304347826086,106.08695652173913,107.15696421700653,1,0,0,0,0,0
1982-06-01,1982,0.25,1.25,0.2,30.625,113.0,108.10106719367589,1,0,0,0,0,0
1982-07-01,1982,0.0,0.0,0.0,0.0,0.0,,1,0,0,0,0,1
1982-08-01,1982,0.0,0.0,0.0,0.0,0.0,,1,0,0,0,0,1
1982-09-01,1982,0.0,0.0,0.0,0.0,0.0,,1,0,0,0,0,1
1982-10-01,1982,0.5227272727272727,1.6363636363636365,0.3194444444444444,25.181818181818183,109.93181818181819,108.18254545454545,1,0,0,0,0,0
1982-11-01,1982,0.396875,1.703125,0.2330275229357798,26.296875,109.096875,108.30668686868688,1,0,0,0,0,0
1982-12-01,1982,0.5,2.0,0.25,25.545454545454547,107.23333333333333,107.27636622034295,1,0,0,0,0,0
1983-01-01,1983,0.5755813953488372,2.261627906976744,0.2544987146529563,26.13953488372093,108.17151162790698,107.0494614584382,1,0,0,0,0,0
1983-02-01,1983,0.5964285714285714,2.3,0.2593167701863354,26.514285714285716,109.65357142857142,106.5244211678923,1,0,0,0,0,0
1983-03-01,1983,0.6207865168539326,2.407303370786517,0.25787631271878647,25.401685393258425,108.94662921348315,106.50013346860898,1,0,0,0,0,0
1983-04-01,1983,0.5188679245283019,2.297169811320755,0.22587268993839835,25.71698113207547,107.69811320754717,105.60631095778648,1,0,0,0,0,0
1983-05-01,1983,0.8409090909090909,2.8636363636363638,0.29365079365079366,27.386363636363637,107.4090909090909,105.87149554847667,1,0,0,0,0,0
1983-06-01,1983,0.0,0.0,0.0,0.0,0.0,,1,0,0,0,0,1
1983-07-01,1983,0.0,0.0,0.0,0.0,0.0,,1,0,0,0,0,1
1983-08-01,1983,0.0,0.0,0.0,0.0,0.0,,1,0,0,0,0,1
1983-09-01,1983,0.0,0.0,0.0,0.0,0.0,,1,0,0,0,0,1
1983-10-01,1983,0.5238095238095238,1.9047619047619047,0.275,25.38095238095238,111.30952380952381,105.51806731729808,1,0,0,0,0,0
1983-11-01,1983,0.5739644970414202,2.224852071005917,0.2579787234042554,26.162721893491124,110.32840236686391,105.4186279233587,1,0,0,0,0,0
1983-12-01,1983,0.521875,2.090625,0.24962630792227203,25.903125,110.00625,105.07336181691612,1,0,0,0,0,0
1984-01-01,1984,0.5424836601307189,2.241830065359477,0.24198250728862972,27.0,111.0,104.9239242321206,1,0,0,0,0,0
1984-02-01,1984,0.6040462427745664,2.479768786127168,0.24358974358974356,26.447976878612717,108.76878612716763,104.7716220343184,1,0,0,0,0,0
1984-03-01,1984,0.6620879120879121,2.6373626373626373,0.25104166666666666,25.89010989010989,109.90934065934066,104.54809262255371,1,0,0,0,0,0
1984-04-01,1984,0.711764705882353,2.7176470588235295,0.2619047619047619,25.6,111.13529411764706,103.50253648312473,1,0,0,0,0,0
1984-05-01,1984,1.0151515151515151,3.4696969696969697,0.2925764192139738,24.12121212121212,108.33333333333333,104.83433868092692,1,0,0,0,0,0
1984-06-01,1984,1.3,3.3,0.393939393939394,27.0,115.9,105.76884848484849,1,0,0,0,0,0
1984-07-01,1984,0.0,0.0,0.0,0.0,0.0,,1,0,0,0,0,1
1984-08-01,1984,0.0,0.0,0.0,0.0,0.0,,1,0,0,0,0,1
1984-09-01,1984,0.0,0.0,0.0,0.0,0.0,,1,0,0,0,0,1
1984-10-01,1984,0.734375,2.6875,0.27325581395348836,24.734375,109.78125,107.48631707317072,1,0,0,0,0,0
1984-11-01,1984,0.7195121951219512,2.731707317073171,0.2633928571428571,25.551829268292682,110.4390243902439,106.06833333333334,1,0,0,0,0,0
1984-12-01,1984,0.7469512195121951,2.768292682926829,0.26982378854625555,25.25609756097561,109.01219512195122,104.48714990138068,1,0,0,0,0,0
1985-01-01,1985,0.9201183431952663,3.1301775147928996,0.2939508506616257,25.798816568047336,108.55917159763314,104.23437620720536,1,0,0,0,0,0
1985-02-01,1985,1.0171232876712328,3.4280821917808217,0.2967032967032967,26.48972602739726,111.95205479452055,104.94657488329051,1,0,0,0,0,0
1985-03-01,1985,0.9808743169398907,3.4972677595628414,0.28046875,27.614754098360656,112.9153005464481,106.06281713877257,1,0,0,0,0,0
1985-04-01,1985,1.035294117647059,3.447058823529412,0.3003412969283277,27.576470588235296,113.67647058823529,106.88634042644382,1,0,0,0,0,0
1985-05-01,1985,1.42,4.18,0.3397129186602871,27.66,116.94,106.06312549019607,1,0,0,0,0,0
1985-06-01,1985,1.25,4.375,0.2857142857142857,31.625,112.625,107.69069824561403,1,0,0,0,0,0
1985-07-01,1985,0.0,0.0,0.0,0.0,0.0,,1,0,0,0,0,1
1985-08-01,1985,0.0,0.0,0.0,0.0,0.0,,1,0,0,0,0,1
1985-09-01,1985,0.0,0.0,0.0,0.0,0.0,,1,0,0,0,0,1
1985-10-01,1985,0.7631578947368421,3.1578947368421053,0.24166666666666667,24.855263157894736,112.09210526315789,107.02792743693551,1,0,0,0,0,0
1985-11-01,1985,0.8905325443786982,3.136094674556213,0.2839622641509434,25.61242603550296,109.94970414201184,107.74812913544933,1,0,0,0,0,0
1985-12-01,1985,0.8757961783439491,3.156050955414013,0.27749747729566093,25.703821656050955,109.95541401273886,105.73955469935912,1,0,0,0,0,0
1986-01-01,1986,0.7942857142857143,3.1085714285714285,0.2555147058823529,26.257142857142856,109.80571428571429,104.95944148977277,1,0,0,0,0,0
1986-02-01,1986,0.9726027397260274,3.4794520547945207,0.2795275590551181,26.243150684931507,109.11986301369863,104.54811316183624,1,0,0,0,0,0
1986-03-01,1986,1.1368715083798884,3.6620111731843576,0.3104500381388253,26.48324022346369,111.54748603351955,104.22165095568796,1,0,0,0,0,0
1986-04-01,1986,1.0822784810126582,3.6265822784810124,0.2984293193717278,25.88607594936709,110.36708860759494,103.96813497395281,1,0,0,0,0,0
1986-05-01,1986,1.75,5.035714285714286,0.3475177304964539,26.910714285714285,111.21428571428571,102.25759493670887,1,0,0,0,0,0
1986-06-01,1986,1.25,4.125,0.30303030303030304,26.5,104.625,102.66851851851852,1,0,0,0,0,0
1986-07-01,1986,0.0,0.0,0.0,0.0,0.0,,1,0,0,0,0,1
1986-08-01,1986,0.0,0.0,0.0,0.0,0.0,,1,0,0,0,0,1
1986-09-01,1986,0.0,0.0,0.0,0.0,0.0,,1,0,0,0,0,1
1986-10-01,1986,1.0555555555555556,3.1666666666666665,0.33333333333333337,23.77777777777778,110.05555555555556,103.22174833218311,1,0,0,0,0,0
1986-11-01,1986,1.0962732919254659,3.891304347826087,0.2817238627294493,25.20807453416149,108.04037267080746,104.70561664494032,1,0,0,0,0,0
1986-12-01,1986,1.2808641975308641,4.453703703703703,0.28759528759528763,25.13888888888889,108.65432098765432,104.6280505073742,1,0,0,0,0,0
1987-01-01,1987,1.5885714285714285,5.031428571428571,0.31572969903463943,25.937142857142856,110.54285714285714,104.24900460175557,1,0,0,0,0,0
1987-02-01,1987,1.5482758620689656,5.23448275862069,0.29578392621870886,26.413793103448278,110.0896551724138,104.11300822873471,1,0,0,0,0,0
1987-03-01,1987,1.5310734463276836,4.997175141242938,0.30638778971170155,26.627118644067796,110.96610169491525,103.74445350860104,1,0,0,0,0,0
1987-04-01,1987,1.5526315789473684,4.780701754385965,0.3247706422018348,26.912280701754387,111.69298245614036,102.84625250653797,1,0,0,0,0,0
1987-05-01,1987,1.7435897435897436,5.653846153846154,0.30839002267573695,25.371794871794872,111.17948717948718,101.7650472334683,1,0,0,0,0,0
1987-06-01,1987,2.5,6.916666666666667,0.3614457831325301,27.25,113.08333333333333,102.07250568775748,1,0,0,0,0,0
1987-07-01,1987,0.0,0.0,0.0,0.0,0.0,,1,0,0,0,0,1
1987-08-01,1987,0.0,0.0,0.0,0.0,0.0,,1,0,0,0,0,1
1987-09-01,1987,0.0,0.0,0.0,0.0,0.0,,1,0,0,0,0,1
1987-10-01,1987,0.0,0.0,0.0,0.0,0.0,,1,0,0,0,0,1
1987-11-01,1987,1.2553956834532374,4.370503597122302,0.2872427983539095,25.176258992805757,107.9820143884892,102.66068944844126,1,0,0,0,0,0
1987-12-01,1987,1.44375,4.640625,0.3111111111111111,26.3125,107.303125,103.5101404288334,1,0,0,0,0,0
1988-01-01,1988,1.661764705882353,5.097058823529411,0.3260242354298904,25.526470588235295,108.02058823529411,102.54383270082228,1,0,0,0,0,0
1988-02-01,1988,1.7,5.077419354838709,0.33481575603557817,26.016129032258064,107.79677419354839,102.12932512506468,1,0,0,0,0,0
1988-03-01,1988,1.6534090909090908,5.3210227272727275,0.3107314468766684,25.630681818181817,108.07386363636364,102.06574827054665,1,0,0,0,0,0
1988-04-01,1988,1.7272727272727273,5.384615384615385,0.3207792207792208,25.895104895104897,109.96853146853147,100.40242976850736,1,0,0,0,0,0
1988-05-01,1988,1.9396551724137931,5.991379310344827,0.32374100719424465,24.646551724137932,104.44827586206897,97.59974037456796,1,0,0,0,0,0
1988-06-01,1988,1.3181818181818181,5.363636363636363,0.2457627118644068,23.545454545454547,100.45454545454545,98.59181805592273,1,0,0,0,0,0
1988-07-01,1988,0.0,0.0,0.0,0.0,0.0,,1,0,0,0,0,1
1988-08-01,1988,0.0,0.0,0.0,0.0,0.0,,1,0,0,0,0,1
1988-09-01,1988,0.0,0.0,0.0,0.0,0.0,,1,0,0,0,0,1
1988-10-01,1988,0.0,0.0,0.0,0.0,0.0,,1,0,0,0,0,1
1988-11-01,1988,1.5421686746987953,4.891566265060241,0.31527093596059114,25.05722891566265,109.03313253012048,101.23028548887294,1,0,0,0,0,0
1988-12-01,1988,1.8160919540229885,5.896551724137931,0.3079922027290449,24.95977011494253,108.47701149425288,105.03683227541973,1,0,0,0,0,0
1989-01-01,1989,2.2005494505494507,6.678571428571429,0.32949403537638833,25.686813186813186,109.90384615384616,104.43725653656686,1,0,0,0,0,0
1989-02-01,1989,2.3205128205128207,7.144230769230769,0.32480933153880664,26.243589743589745,109.99358974358974,103.78945474094728,1,0,0,0,0,0
1989-03-01,1989,2.490049751243781,7.437810945273632,0.3347826086956522,25.470149253731343,108.66169154228855,103.04872364555865,1,0,0,0,0,0
1989-04-01,1989,2.267123287671233,7.208904109589041,0.31448931116389545,26.136986301369863,109.0513698630137,101.1716483901907,1,0,0,0,0,0
1989-05-01,1989,3.207317073170732,10.158536585365853,0.3157262905162065,24.097560975609756,105.28048780487805,98.15475286780266,1,0,0,0,0,0
1989-06-01,1989,2.4,8.4,0.2857142857142857,23.4,104.2,98.23649646518204,1,0,0,0,0,0
1989-07-01,1989,0.0,0.0,0.0,0.0,0.0,,1,0,0,0,0,1
1989-08-01,1989,0.0,0.0,0.0,0.0,0.0,,1,0,0,0,0,1
1989-09-01,1989,0.0,0.0,0.0,0.0,0.0,,1,0,0,0,0,1
1989-10-01,1989,0.0,0.0,0.0,0.0,0.0,,1,0,0,0,0,1
1989-11-01,1989,1.8994565217391304,6.070652173913044,0.3128916741271262,23.918478260869566,105.1875,99.22266933638444,1,0,0,0,0,0
1989-12-01,1989,2.0210526315789474,6.355263157894737,0.31801242236024846,24.16578947368421,105.52631578947368,101.5999564650973,1,0,0,0,0,0
1990-01-01,1990,2.0742574257425743,6.467821782178218,0.3207041714504401,25.21039603960396,106.52722772277228,101.12966277370772,1,0,0,0,0,0
1990-02-01,1990,2.197058823529412,6.517647058823529,0.3370938628158845,25.326470588235296,107.63235294117646,101.2345113643787,1,0,0,0,0,0
1990-03-01,1990,2.3838862559241707,6.890995260663507,0.3459422283356259,25.144549763033176,108.3388625592417,101.35802423566584,1,0,0,0,0,0
1990-04-01,1990,2.57,7.406666666666666,0.346984698469847,25.433333333333334,109.07333333333334,100.63753043814681,1,0,0,0,0,0
1990-05-01,1990,2.5,7.8979591836734695,0.31653746770025837,24.316326530612244,105.63265306122449,99.8156843537415,1,0,0,0,0,0
1990-06-01,1990,3.2857142857142856,10.714285714285714,0.3066666666666667,19.928571428571427,100.85714285714286,100.48793698532045,1,0,0,0,0,0
1990-07-01,1990,0.0,0.0,0.0,0.0,0.0,,1,0,0,0,0,1
1990-08-01,1990,0.0,0.0,0.0,0.0,0.0,,1,0,0,0,0,1
1990-09-01,1990,0.0,0.0,0.0,0.0,0.0,,1,0,0,0,0,1
1990-10-01,1990,0.0,0.0,0.0,0.0,0.0,,1,0,0,0,0,1
1990-11-01,1990,1.9578947368421054,6.131578947368421,0.31931330472103003,25.24736842105263,106.85263157894737,101.46345864661653,1,0,0,0,0,0
1990-12-01,1990,2.213157894736842,6.826315789473684,0.32420971472629145,25.24736842105263,107.46052631578948,102.12077681766607,1,0,0,0,0,0
1991-01-01,1991,2.218905472636816,6.980099502487562,0.3178902352102637,24.776119402985074,106.03482587064677,100.98436290864201,1,0,0,0,0,0
1991-02-01,1991,2.3502994011976046,7.245508982035928,0.3243801652892562,24.5,106.02994011976048,100.10104990651051,1,0,0,0,0,0
1991-03-01,1991,2.5233644859813085,7.904205607476635,0.31924327519952705,24.05140186915888,105.07710280373831,100.05279577486986,1,0,0,0,0,0
1991-04-01,1991,2.4586206896551723,7.858620689655172,0.3128565160157964,24.679310344827588,106.61379310344827,98.83638469459139,1,0,0,0,0,0
1991-05-01,1991,2.6097560975609757,8.231707317073171,0.317037037037037,22.975609756097562,105.09756097560975,95.76243453882815,1,0,0,0,0,0
1991-06-01,1991,1.8,6.7,0.26865671641791045,23.5,96.5,96.02887804878048,1,0,0,0,0,0
1991-07-01,1991,0.0,0.0,0.0,0.0,0.0,,1,0,0,0,0,1
1991-08-01,1991,0.0,0.0,0.0,0.0,0.0,,1,0,0,0,0,1
1991-09-01,1991,0.0,0.0,0.0,0.0,0.0,,1,0,0,0,0,1
1991-10-01,1991,0.0,0.0,0.0,0.0,0.0,,1,0,0,0,0,1
1991-11-01,1991,2.319512195121951,7.329268292682927,0.3164725457570715,23.921951219512195,104.71219512195123,97.05816489925769,1,0,0,0,0,0
1991-12-01,1991,2.464673913043478,7.364130434782608,0.3346863468634686,24.03804347826087,104.50815217391305,100.31590087285504,1,0,0,0,0,0
1992-01-01,1992,2.202970297029703,7.099009900990099,0.3103207810320781,24.715346534653467,105.95049504950495,99.8475065868783,1,0,0,0,0,0
1992-02-01,1992,2.516949152542373,7.607344632768362,0.33085777942814704,24.827683615819208,106.25988700564972,99.66146391377039,1,0,0,0,0,0
1992-03-01,1992,2.8502415458937196,8.159420289855072,0.3493191237418591,24.483091787439612,105.3913043478261,99.22687945532455,1,0,0,0,0,0
1992-04-01,1992,2.909090909090909,8.5,0.34224598930481287,25.106060606060606,104.9659090909091,97.24571276569156,1,0,0,0,0,0
1992-05-01,1992,2.682926829268293,8.146341463414634,0.32934131736526945,24.146341463414632,101.91463414634147,96.4560187238236,1,0,0,0,0,0
1992-06-01,1992,2.9166666666666665,9.75,0.29914529914529914,23.833333333333332,100.33333333333333,97.56308943089431,1,0,0,0,0,0
1992-07-01,1992,0.0,0.0,0.0,0.0,0.0,,1,0,0,0,0,1
1992-08-01,1992,0.0,0.0,0.0,0.0,0.0,,1,0,0,0,0,1
1992-09-01,1992,0.0,0.0,0.0,0.0,0.0,,1,0,0,0,0,1
1992-10-01,1992,0.0,0.0,0.0,0.0,0.0,,1,0,0,0,0,1
1992-11-01,1992,2.6635802469135803,8.197530864197532,0.3249246987951807,24.45679012345679,106.01851851851852,99.58158075601374,1,0,0,0,0,0
1992-12-01,1992,2.850515463917526,8.278350515463918,0.3443337484433375,24.948453608247423,104.97164948453609,100.85960670074019,1,0,0,0,0,0
1993-01-01,1993,2.8451776649746194,8.581218274111675,0.331558710440698,24.728426395939085,106.10913705583756,100.25356381574994,1,0,0,0,0,0
1993-02-01,1993,3.0789473684210527,9.096491228070175,0.3384763741562199,24.77777777777778,105.85964912280701,99.48423186356395,1,0,0,0,0,0
1993-03-01,1993,3.1818181818181817,9.409090909090908,0.33816425120772947,24.964114832535884,104.37320574162679,98.84942430964209,1,0,0,0,0,0
1993-04-01,1993,3.4339080459770117,10.149425287356323,0.33833522083805206,24.278735632183906,104.4683908045977,96.80143210691305,1,0,0,0,0,0
1993-05-01,1993,3.3947368421052633,9.87719298245614,0.34369449378330375,23.0,97.95614035087719,96.19766815157014,1,0,0,0,0,0
1993-06-01,1993,4.363636363636363,10.363636363636363,0.42105263157894735,24.681818181818183,106.45454545454545,95.98950435292996,1,0,0,0,0,0
1993-07-01,1993,0.0,0.0,0.0,0.0,0.0,,1,0,0,0,0,1
1993-08-01,1993,0.0,0.0,0.0,0.0,0.0,,1,0,0,0,0,1
1993-09-01,1993,0.0,0.0,0.0,0.0,0.0,,1,0,0,0,0,1
1993-10-01,1993,0.0,0.0,0.0,0.0,0.0,,1,0,0,0,0,1
1993-11-01,1993,3.1098265895953756,9.361271676300579,0.3322012966965112,23.829479768786126,100.60982658959537,97.23610132896243,1,0,0,0,0,0
1993-12-01,1993,3.160621761658031,9.61658031088083,0.3286637931034483,23.94818652849741,100.29533678756476,97.72813194439512,1,0,0,0,0,0
1994-01-01,1994,3.2938144329896906,9.832474226804123,0.3349934469200524,24.608247422680414,100.92268041237114,97.52111845691923,1,0,0,0,0,0
1994-02-01,1994,3.2052023121387285,9.832369942196532,0.32598471487360375,24.53757225433526,101.16473988439306,97.29065954963585,1,0,0,0,0,0
1994-03-01,1994,3.3902439024390243,10.160975609756097,0.33365338454152665,24.441463414634146,101.96829268292683,97.83286597920944,1,0,0,0,0,0
1994-04-01,1994,3.633136094674556,10.571005917159763,0.3436887769381472,25.014792899408285,104.27218934911242,95.99031982401588,1,0,0,0,0,0
1994-05-01,1994,4.0181818181818185,12.154545454545454,0.33059087509349294,22.0,94.63636363636364,93.51866128743052,1,0,0,0,0,0
1994-06-01,1994,5.25,15.3,0.3431372549019608,21.2,88.15,93.34535799859054,1,0,0,0,0,0
1994-07-01,1994,0.0,0.0,0.0,0.0,0.0,,1,0,0,0,0,1
1994-08-01,1994,0.0,0.0,0.0,0.0,0.0,,1,0,0,0,0,1
1994-09-01,1994,0.0,0.0,0.0,0.0,0.0,,1,0,0,0,0,1
1994-10-01,1994,0.0,0.0,0.0,0.0,0.0,,1,1,0,0,0,1
1994-11-01,1994,5.1773255813953485,14.781976744186046,0.3502458210422812,23.16860465116279,103.0,94.88228935295048,1,1,0,0,0,0
1994-12-01,1994,5.280612244897959,14.76530612244898,0.3576364892881825,23.257653061224488,100.65816326530613,96.44655871321986,1,1,0,0,0,0
1995-01-01,1995,5.702020202020202,15.414141414141413,0.3699213630406291,23.164141414141415,100.01262626262626,95.18869049616558,1,1,0,0,0,0
1995-02-01,1995,5.569767441860465,15.334302325581396,0.36322274881516586,23.537790697674417,101.26453488372093,94.65135245814663,1,1,0,0,0,0
1995-03-01,1995,5.61214953271028,15.89018691588785,0.3531833553889134,23.565420560747665,101.71495327102804,95.23278202260845,1,1,0,0,0,0
1995-04-01,1995,5.567741935483871,15.6,0.35690653432588915,23.503225806451614,102.10967741935484,94.03563163501155,1,1,0,0,0,0
1995-05-01,1995,6.36,17.0,0.37411764705882355,21.89,98.44,94.05371797235023,1,1,0,0,0,0
1995-06-01,1995,9.0,24.142857142857142,0.3727810650887574,25.428571428571427,106.0,93.83728571428571,1,1,0,0,0,0
1995-07-01,1995,0.0,0.0,0.0,0.0,0.0,,1,1,0,0,0,1
1995-08-01,1995,0.0,0.0,0.0,0.0,0.0,,1,1,0,0,0,1
1995-09-01,1995,0.0,0.0,0.0,0.0,0.0,,1,1,0,0,0,1
1995-10-01,1995,0.0,0.0,0.0,0.0,0.0,,1,1,0,0,0,1
1995-11-01,1995,5.5125,15.4725,0.3562772661173049,22.005,100.6725,95.26028253968254,1,1,0,0,0,0
1995-12-01,1995,5.826190476190476,15.59047619047619,0.37370189370800244,22.685714285714287,100.82857142857142,95.00787384805055,1,1,0,0,0,0
1996-01-01,1996,5.665048543689321,15.837378640776699,0.3577011494252874,22.66747572815534,97.78883495145631,94.59413200407892,1,1,0,0,0,0
1996-02-01,1996,6.199468085106383,16.18882978723404,0.38294726466239526,23.375,100.01329787234043,93.97658833580397,1,1,0,0,0,0
1996-03-01,1996,5.920704845814978,16.570484581497798,0.3573042669147946,22.7136563876652,98.75550660792952,93.80985899247514,1,1,0,0,0,0
1996-04-01,1996,6.313291139240507,16.7373417721519,0.37719795802609185,22.72151898734177,98.96518987341773,92.44716750311345,1,1,0,0,0,0
1996-05-01,1996,6.275,17.45,0.3595988538681949,21.4875,93.9,90.16255244122965,1,1,0,0,0,0
1996-06-01,1996,5.857142857142857,19.5,0.30036630036630035,19.214285714285715,90.64285714285714,90.17718871252204,1,1,0,0,0,0
1996-07-01,1996,0.0,0.0,0.0,0.0,0.0,,1,1,0,0,0,1
1996-08-01,1996,0.0,0.0,0.0,0.0,0.0,,1,1,0,0,0,1
1996-09-01,1996,0.0,0.0,0.0,0.0,0.0,,1,1,0,0,0,1
1996-10-01,1996,0.0,0.0,0.0,0.0,0.0,,1,1,0,0,0,1
1996-11-01,1996,5.925925925925926,16.72222222222222,0.3543743078626799,21.09722222222222,94.25462962962963,90.82346864779713,1,1,0,0,0,0
1996-12-01,1996,5.847087378640777,16.145631067961165,0.3621467227901383,22.07766990291262,95.75,92.99396698666756,1,1,0,0,0,0
1997-01-01,1997,5.897674418604651,16.44418604651163,0.35864799886861826,21.906976744186046,96.88604651162791,92.67902649829705,1,1,0,0,0,0
1997-02-01,1997,6.129834254143646,17.099447513812155,0.35848142164781904,22.45303867403315,98.15469613259668,92.6660539024715,1,1,0,0,0,0
1997-03-01,1997,6.25,17.142201834862384,0.3645972705378646,22.18348623853211,97.70642201834862,92.7131279258793,1,1,0,0,0,0
1997-04-01,1997,6.3202614379084965,17.424836601307188,0.36271567891972994,22.830065359477125,99.58496732026144,91.89257017791827,1,1,0,0,0,0
1997-05-01,1997,6.785714285714286,20.023809523809526,0.3388822829964328,19.75,93.48809523809524,89.88487394957984,1,1,0,0,0,0
1997-06-01,1997,6.166666666666667,16.416666666666668,0.3756345177664975,19.916666666666668,87.5,90.25349206349206,1,1,0,0,0,0
1997-07-01,1997,0.0,0.0,0.0,0.0,0.0,,1,1,0,0,0,1
1997-08-01,1997,0.0,0.0,0.0,0.0,0.0,,1,1,0,0,0,1
1997-09-01,1997,0.0,0.0,0.0,0.0,0.0,,1,1,0,0,0,1
1997-10-01,1997,3.892857142857143,11.928571428571429,0.3263473053892215,21.142857142857142,96.78571428571429,91.65673480449091,1,0,1,0,0,0
1997-11-01,1997,3.8146341463414632,11.504878048780487,0.33156667373330506,21.76341463414634,95.31951219512194,94.03764983717065,1,0,1,0,0,0
1997-12-01,1997,4.340686274509804,12.477941176470589,0.3478687880573561,21.801470588235293,94.55882352941177,93.45460787152594,1,0,1,0,0,0
1998-01-01,1998,4.30365296803653,12.636986301369863,0.3405600722673893,21.67579908675799,94.99543378995433,93.00378332685591,1,0,1,0,0,0
1998-02-01,1998,4.709497206703911,13.438547486033519,0.35044689253793393,21.916201117318437,96.72905027932961,92.5828486284928,1,0,1,0,0,0
1998-03-01,1998,4.54646017699115,12.997787610619469,0.3497872340425532,22.404867256637168,95.21681415929204,92.66460286777935,1,0,1,0,0,0
1998-04-01,1998,4.859154929577465,13.619718309859154,0.3567735263702172,22.919014084507044,97.26408450704226,90.81234340160925,1,0,1,0,0,0
1998-05-01,1998,4.847222222222222,13.819444444444445,0.3507537688442211,20.041666666666668,90.93055555555556,88.89458528951486,1,0,1,0,0,0
1998-06-01,1998,3.25,12.333333333333334,0.2635135135135135,19.833333333333332,84.08333333333333,88.86150537634408,1,0,1,0,0,0
1998-07-01,1998,0.0,0.0,0.0,0.0,0.0,,1,0,1,0,0,1
1998-08-01,1998,0.0,0.0,0.0,0.0,0.0,,1,0,1,0,0,1
1998-09-01,1998,0.0,0.0,0.0,0.0,0.0,,1,0,1,0,0,1
1998-10-01,1998,0.0,0.0,0.0,0.0,0.0,,1,0,1,0,0,1
1998-11-01,1998,0.0,0.0,0.0,0.0,0.0,,1,0,1,0,0,1
1998-12-01,1998,0.0,0.0,0.0,0.0,0.0,,1,0,1,0,0,1
1999-01-01,1999,0.0,0.0,0.0,0.0,0.0,,1,0,1,0,0,1
1999-02-01,1999,4.252688172043011,12.763440860215054,0.33319292333614153,20.440860215053764,91.08333333333333,90.31130093189962,1,0,1,0,0,0
1999-03-01,1999,4.416,12.912,0.3420074349442379,20.706,91.862,91.64795399312413,1,0,1,0,0,0
1999-04-01,1999,4.573469387755102,13.546938775510204,0.33760168725519735,20.68979591836735,90.85306122448979,91.54483245516388,1,0,1,0,0,0
1999-05-01,1999,4.909090909090909,14.068181818181818,0.34894991922455576,22.21590909090909,96.13636363636364,90.46781467738612,1,0,1,0,0,0
1999-06-01,1999,3.7083333333333335,11.791666666666666,0.31448763250883394,17.291666666666668,84.875,92.81546783625731,1,0,1,0,0,0
1999-07-01,1999,0.0,0.0,0.0,0.0,0.0,,1,0,1,0,0,1
1999-08-01,1999,0.0,0.0,0.0,0.0,0.0,,1,0,1,0,0,1
1999-09-01,1999,0.0,0.0,0.0,0.0,0.0,,1,0,1,0,0,1
1999-10-01,1999,0.0,0.0,0.0,0.0,0.0,,1,0,1,0,0,1
1999-11-01,1999,4.672248803827751,13.330143540669857,0.350502512562814,21.830143540669855,97.47368421052632,94.04821075843684,1,0,1,0,0,0
1999-12-01,1999,4.60093896713615,13.39906103286385,0.3433777154870357,22.122065727699532,96.92723004694835,96.58719768654142,1,0,1,0,0,0
2000-01-01,2000,4.946078431372549,13.89950980392157,0.3558455298889085,22.580882352941178,98.60539215686275,95.75363614729679,1,0,1,0,0,0
2000-02-01,2000,5.132978723404255,14.14095744680851,0.3629866466052285,22.454787234042552,96.57446808510639,95.26596998389444,1,0,1,0,0,0
2000-03-01,2000,4.676211453744493,13.506607929515418,0.3462165688193085,22.405286343612335,97.34140969162996,94.62106713987397,1,0,1,0,0,0
2000-04-01,2000,5.16554054054054,14.236486486486486,0.36283815851922163,22.81418918918919,98.03378378378379,92.82349706219752,1,0,1,0,0,0
2000-05-01,2000,4.904761904761905,14.952380952380953,0.3280254777070064,19.523809523809526,91.0,92.23299942799945,1,0,1,0,0,0
2000-06-01,2000,6.833333333333333,16.72222222222222,0.40863787375415284,20.88888888888889,100.61111111111111,92.73374440374441,1,0,1,0,0,0
2000-07-01,2000,0.0,0.0,0.0,0.0,0.0,,1,0,1,0,0,1
2000-08-01,2000,0.0,0.0,0.0,0.0,0.0,,1,0,1,0,0,1
2000-09-01,2000,0.0,0.0,0.0,0.0,0.0,,1,0,1,0,0,1
2000-10-01,2000,4.6923076923076925,12.807692307692308,0.3663663663663664,21.384615384615383,93.23076923076923,94.44034651508336,1,0,1,0,0,0
2000-11-01,2000,4.6124401913875595,13.39952153110048,0.34422424567041593,20.739234449760765,92.88755980861244,94.66597546200262,1,0,1,0,0,0
2000-12-01,2000,4.509216589861751,13.200460829493087,0.3415953918659452,21.288018433179722,94.09907834101382,94.03557527029402,1,0,1,0,0,0
2001-01-01,2001,5.044392523364486,14.163551401869158,0.35615308479049823,21.787383177570092,95.51635514018692,93.83471241345836,1,0,1,0,0,0
2001-02-01,2001,5.117977528089888,13.96629213483146,0.3664521319388576,22.19943820224719,95.21910112359551,93.72468259507941,1,0,1,0,0,0
2001-03-01,2001,5.01131221719457,13.807692307692308,0.36293626085531705,22.43891402714932,95.59954751131222,93.87843296459074,1,0,1,0,0,0
2001-04-01,2001,4.821167883211679,13.857664233576642,0.34790624176981827,22.54014598540146,96.11313868613139,92.75695500434874,1,0,1,0,0,0
2001-05-01,2001,5.423076923076923,14.948717948717949,0.362778730703259,20.28205128205128,93.12820512820512,92.39140878586134,1,0,1,0,0,0
2001-06-01,2001,6.0,13.714285714285714,0.4375,21.928571428571427,98.64285714285714,92.74404654169359,1,0,1,0,0,0
2001-07-01,2001,0.0,0.0,0.0,0.0,0.0,,1,0,1,0,0,1
2001-08-01,2001,0.0,0.0,0.0,0.0,0.0,,1,0,1,0,0,1
2001-09-01,2001,0.0,0.0,0.0,0.0,0.0,,1,0,1,0,0,1
2001-10-01,2001,5.264705882352941,14.294117647058824,0.3683127572016461,21.176470588235293,94.8529411764706,93.7750401314372,1,0,1,1,0,0
2001-11-01,2001,5.072115384615385,14.5,0.3498010610079576,21.439903846153847,94.63461538461539,94.18025292186736,1,0,1,1,0,0
2001-12-01,2001,5.166666666666667,14.780193236714975,0.34956692269978756,22.39855072463768,94.80434782608695,93.47743851238265,1,0,1,1,0,0
2002-01-01,2002,5.576744186046511,15.44186046511628,0.361144578313253,21.876744186046512,96.14883720930233,93.34368335470508,1,0,1,1,0,0
2002-02-01,2002,5.402298850574713,15.048850574712644,0.3589841512316212,22.028735632183906,95.84482758620689,93.19605516407226,1,0,1,1,0,0
2002-03-01,2002,4.997872340425532,14.4,0.3470744680851064,21.648936170212767,95.45531914893617,93.09661983155492,1,0,1,1,0,0
2002-04-01,2002,5.06390977443609,14.25563909774436,0.3552215189873418,22.43233082706767,96.38721804511279,93.28755953714072,1,0,1,1,0,0
2002-05-01,2002,5.802631578947368,18.19736842105263,0.3188720173535792,19.473684210526315,94.3157894736842,94.31073684210526,1,0,1,1,0,0
2002-06-01,2002,5.6,15.7,0.35668789808917195,22.7,102.9,94.87494736842105,1,0,1,1,0,0
2002-07-01,2002,0.0,0.0,0.0,0.0,0.0,,1,0,1,1,0,1
2002-08-01,2002,0.0,0.0,0.0,0.0,0.0,,1,0,1,1,0,1
2002-09-01,2002,0.0,0.0,0.0,0.0,0.0,,1,0,1,1,0,1
2002-10-01,2002,4.375,13.4,0.3264925373134328,20.65,90.7,95.10217511520737,1,0,1,1,0,0
2002-11-01,2002,4.629032258064516,13.566820276497696,0.3412024456521739,20.783410138248847,92.95391705069125,94.30844999672395,1,0,1,1,0,0
2002-12-01,2002,5.3530805687203795,15.007109004739336,0.35670298436759834,21.196682464454977,94.83649289099526,93.71484269078788,1,0,1,1,0,0
2003-01-01,2003,4.945205479452055,14.38812785388128,0.3437004125674389,21.19634703196347,94.56392694063926,93.60767709939005,1,0,1,1,0,0
2003-02-01,2003,5.442857142857143,15.457142857142857,0.3521256931608133,21.86,96.76285714285714,93.53334864644489,1,0,1,1,0,0
2003-03-01,2003,5.350446428571429,15.165178571428571,0.35281130409184575,22.049107142857142,96.81473214285714,93.78863616918312,1,0,1,1,0,0
2003-04-01,2003,5.239837398373984,14.833333333333334,0.35324746505892024,22.475609756097562,95.33333333333333,93.86216632791327,1,0,1,1,0,0
2003-05-01,2003,6.75,18.333333333333332,0.3681818181818182,20.36904761904762,98.38095238095238,92.90310878823074,1,0,1,1,0,0
2003-06-01,2003,3.9166666666666665,13.166666666666666,0.2974683544303797,17.416666666666668,84.91666666666667,93.11347985347986,1,0,1,1,0,0
2003-07-01,2003,0.0,0.0,0.0,0.0,0.0,,1,0,1,1,0,1
2003-08-01,2003,0.0,0.0,0.0,0.0,0.0,,1,0,1,1,0,1
2003-09-01,2003,0.0,0.0,0.0,0.0,0.0,,1,0,1,1,0,1
2003-10-01,2003,4.346153846153846,14.288461538461538,0.3041722745625841,20.576923076923077,90.34615384615384,92.54965811965813,1,0,1,1,0,0
2003-11-01,2003,4.96875,14.427884615384615,0.34438520493168945,20.95673076923077,91.77884615384616,93.2681457739791,1,0,1,1,0,0
2003-12-01,2003,5.175925925925926,15.055555555555555,0.34378843788437885,21.775462962962962,93.15046296296296,92.61486101175161,1,0,1,1,0,0
2004-01-01,2004,5.477973568281938,15.561674008810572,0.3520169851380043,21.33920704845815,93.2533039647577,92.53015034900817,1,0,1,1,0,0
2004-02-01,2004,5.122950819672131,14.502732240437158,0.3532403918613414,21.15846994535519,94.69945355191257,92.47577975817926,1,0,1,1,0,0
2004-03-01,2004,5.100446428571429,14.892857142857142,0.3424760191846523,21.238839285714285,94.14508928571429,92.52628307962529,1,0,1,1,0,0
2004-04-01,2004,5.4523809523809526,15.228571428571428,0.35803627267041904,21.504761904761907,94.3047619047619,91.66125015262516,1,0,1,1,0,0
2004-05-01,2004,4.9743589743589745,15.653846153846153,0.3177723177723178,19.153846153846153,86.25641025641026,89.67157753357753,1,0,1,1,0,0
2004-06-01,2004,4.416666666666667,15.416666666666666,0.2864864864864865,18.833333333333332,83.08333333333333,90.12405372405374,1,0,1,1,0,0
2004-07-01,2004,0.0,0.0,0.0,0.0,0.0,,1,0,1,1,0,1
2004-08-01,2004,0.0,0.0,0.0,0.0,0.0,,1,0,1,1,0,1
2004-09-01,2004,0.0,0.0,0.0,0.0,0.0,,1,0,1,1,0,1
2004-10-01,2004,0.0,0.0,0.0,0.0,0.0,,1,0,1,1,0,1
2004-11-01,2004,5.095238095238095,14.85,0.34311367644700974,20.797619047619047,95.36428571428571,91.54875220458553,1,0,1,1,0,0
2004-12-01,2004,5.4375,15.555555555555555,0.3495535714285714,21.35185185185185,96.50925925925925,93.64303381378095,1,0,1,1,0,0
2005-01-01,2005,5.844827586206897,16.163793103448278,0.3616,21.228448275862068,96.94612068965517,93.68711635346348,1,0,1,1,0,0
2005-02-01,2005,5.791428571428572,15.734285714285715,0.36807699291810425,21.66857142857143,98.67142857142858,93.35200673234812,1,0,1,1,0,0
2005-03-01,2005,5.603448275862069,15.806034482758621,0.35451322607035723,20.853448275862068,97.23275862068965,93.7416645170921,1,0,1,1,0,0
2005-04-01,2005,5.906060606060606,16.515151515151516,0.35761467889908255,22.03939393939394,99.18181818181819,93.53782176126636,1,0,1,1,0,0
2005-05-01,2005,6.170212765957447,17.54255319148936,0.35172832019405703,18.72340425531915,99.23404255319149,91.13471308833012,1,0,1,1,0,0
2005-06-01,2005,4.818181818181818,14.272727272727273,0.3375796178343949,17.59090909090909,85.81818181818181,90.97972431167467,1,0,1,1,0,0
2005-07-01,2005,0.0,0.0,0.0,0.0,0.0,,1,0,1,1,0,1
2005-08-01,2005,0.0,0.0,0.0,0.0,0.0,,1,0,1,1,0,1
2005-09-01,2005,0.0,0.0,0.0,0.0,0.0,,1,0,1,1,0,1
2005-10-01,2005,0.0,0.0,0.0,0.0,0.0,,1,0,1,1,0,1
2005-11-01,2005,5.340277777777778,15.342592592592593,0.34806879903439947,20.10185185185185,95.29861111111111,90.92455806793727,1,0,1,1,0,0
2005-12-01,2005,5.493119266055046,15.36697247706422,0.3574626865671642,20.44724770642202,97.04128440366972,93.30632819208626,1,0,1,1,0,0
2006-01-01,2006,5.8039647577092515,16.07488986784141,0.3610578240613867,20.486784140969164,97.53083700440529,93.09323392839347,1,0,1,1,0,0
2006-02-01,2006,5.538674033149171,15.69889502762431,0.3528066162238254,20.671270718232044,96.23204419889503,92.97178158816644,1,0,1,1,0,0
2006-03-01,2006,6.122881355932203,16.58686440677966,0.3691403755268872,21.322033898305083,98.41101694915254,93.01275867294886,1,0,1,1,0,0
2006-04-01,2006,6.098684210526316,17.023026315789473,0.3582608695652174,20.605263157894736,97.35855263157895,92.51023565269104,1,0,1,1,0,0
2006-05-01,2006,6.0,16.89,0.3552397868561279,18.36,99.13,92.37079434697854,1,0,1,1,0,0
2006-06-01,2006,5.833333333333333,18.666666666666668,0.31249999999999994,16.944444444444443,94.11111111111111,93.88925925925928,1,0,1,1,0,0
2006-07-01,2006,0.0,0.0,0.0,0.0,0.0,,1,0,1,1,0,1
2006-08-01,2006,0.0,0.0,0.0,0.0,0.0,,1,0,1,1,0,1
2006-09-01,2006,0.0,0.0,0.0,0.0,0.0,,1,0,1,1,0,1
2006-10-01,2006,7.25,18.0,0.4027777777777778,23.5,98.5,95.03539802245685,1,0,1,1,0,0
2006-11-01,2006,5.714932126696833,16.690045248868778,0.34241561610410737,20.257918552036198,97.82126696832579,95.88795564445654,1,0,1,1,0,0
2006-12-01,2006,5.866952789699571,16.598712446351932,0.35345830639948284,21.34549356223176,98.89914163090128,94.8059088608308,1,0,1,1,0,0
2007-01-01,2007,6.25219298245614,17.25657894736842,0.36230779006226965,21.49342105263158,99.35964912280701,94.6708501721211,1,0,1,1,0,0
2007-02-01,2007,6.243016759776537,16.94413407821229,0.3684470820969338,21.393854748603353,98.74581005586592,94.43723956888907,1,0,1,1,0,0
2007-03-01,2007,6.121076233183857,17.08968609865471,0.3581737076882708,21.45291479820628,98.04708520179372,94.24525857473702,1,0,1,1,0,0
2007-04-01,2007,6.322916666666667,17.12152777777778,0.36929628878523624,22.020833333333332,99.97569444444444,93.4718207766719,1,0,1,1,0,0
2007-05-01,2007,6.7317073170731705,18.378048780487806,0.3662906436629064,19.695121951219512,95.64634146341463,90.82694783197833,1,0,1,1,0,0
2007-06-01,2007,6.3,18.8,0.33510638297872336,16.8,84.8,92.52582409460457,1,0,1,1,0,0
2007-07-01,2007,0.0,0.0,0.0,0.0,0.0,,1,0,1,1,0,1
2007-08-01,2007,0.0,0.0,0.0,0.0,0.0,,1,0,1,1,0,1
2007-09-01,2007,0.0,0.0,0.0,0.0,0.0,,1,0,1,1,0,1
2007-10-01,2007,7.454545454545454,19.09090909090909,0.3904761904761905,20.90909090909091,101.0909090909091,93.6983312950129,1,0,1,1,0,0
2007-11-01,2007,6.365470852017937,18.04708520179372,0.35271462293452605,21.143497757847534,98.50448430493273,96.44094390762552,1,0,1,1,0,0
2007-12-01,2007,6.29954954954955,17.765765765765767,0.3545892494929006,21.81081081081081,98.57432432432432,94.82444377112539,1,0,1,1,0,0
2008-01-01,2008,6.466216216216216,17.91216216216216,0.36099585062240663,21.67117117117117,99.15765765765765,94.45741820354385,1,0,1,1,0,0
2008-02-01,2008,6.651832460732984,18.06020942408377,0.36831424844180316,21.99214659685864,100.46596858638743,94.45213892426459,1,0,1,1,0,0
2008-03-01,2008,6.793617021276596,18.25744680851064,0.3721011537116886,21.785106382978725,102.07446808510639,94.76347311559876,1,0,1,1,0,0
2008-04-01,2008,6.821428571428571,18.865079365079364,0.3615902397980648,22.5,101.22222222222223,92.72742237708091,1,0,1,1,0,0
2008-05-01,2008,5.878048780487805,17.01219512195122,0.34551971326164876,19.524390243902438,93.01219512195122,92.19897793263647,1,0,1,1,0,0
2008-06-01,2008,7.916666666666667,20.416666666666668,0.3877551020408163,21.166666666666668,98.0,92.22916205962059,1,0,1,1,0,0
2008-07-01,2008,0.0,0.0,0.0,0.0,0.0,,1,0,1,1,0,1
2008-08-01,2008,0.0,0.0,0.0,0.0,0.0,,1,0,1,1,0,1
2008-09-01,2008,0.0,0.0,0.0,0.0,0.0,,1,0,1,1,0,1
2008-10-01,2008,5.54,16.64,0.3329326923076923,18.98,96.2,94.1950977384464,1,0,1,1,0,0
2008-11-01,2008,6.303097345132743,17.597345132743364,0.35818456122705555,20.668141592920353,98.1924778761062,94.5391500260281,1,0,1,1,0,0
2008-12-01,2008,6.656108597285068,18.380090497737555,0.36213687838503206,20.970588235294116,99.06108597285068,94.08302426183597,1,0,1,1,0,0
2009-01-01,2009,6.923580786026201,18.40174672489083,0.37624584717607973,21.187772925764193,100.38427947598254,94.31511670141288,1,0,1,1,0,0
2009-02-01,2009,6.93646408839779,18.60220994475138,0.3728838728838729,21.406077348066297,101.95856353591161,94.30582769885534,1,0,1,1,0,0
2009-03-01,2009,6.5,17.706521739130434,0.3670963781461019,20.95,100.48913043478261,94.23886645739776,1,0,1,1,0,0
2009-04-01,2009,6.830508474576271,18.5,0.36921667430142,20.99576271186441,100.80932203389831,93.20394060685982,1,0,1,1,0,0
2009-05-01,2009,7.131578947368421,20.776315789473685,0.34325522482583914,19.17105263157895,98.15789473684211,93.03895509961346,1,0,1,1,0,0
2009-06-01,2009,7.0,20.1,0.34825870646766166,17.4,95.9,93.65691228070176,1,0,1,1,0,0
2009-07-01,2009,0.0,0.0,0.0,0.0,0.0,,1,0,1,1,0,1
2009-08-01,2009,0.0,0.0,0.0,0.0,0.0,,1,0,1,1,0,1
2009-09-01,2009,0.0,0.0,0.0,0.0,0.0,,1,0,1,1,0,1
2009-10-01,2009,6.052631578947368,17.223684210526315,0.35141329258976317,20.263157894736842,98.76315789473684,94.7113162813576,1,0,1,1,0,0
2009-11-01,2009,6.378504672897196,18.25467289719626,0.34941763727121466,20.738317757009344,99.42289719626169,95.38936153022638,1,0,1,1,0,0
2009-12-01,2009,6.027149321266968,17.486425339366516,0.3446758959761935,20.90950226244344,99.92760180995475,95.32085657217908,1,0,1,1,0,0
2010-01-01,2010,6.539130434782609,18.258695652173913,0.3581378735563758,21.069565217391304,100.53260869565217,95.28303588062472,1,0,1,1,0,0
2010-02-01,2010,6.2707182320441985,17.734806629834253,0.35358255451713394,21.505524861878452,100.05801104972376,94.96743034806799,1,0,1,1,0,0
2010-03-01,2010,6.648936170212766,18.529787234042555,0.358824204845562,21.74468085106383,101.12127659574467,94.83011738292896,1,0,1,1,0,0
2010-04-01,2010,7.04954954954955,19.11261261261261,0.3688427999057271,22.085585585585587,103.06306306306307,93.93163820512346,1,0,1,1,0,0
2010-05-01,2010,6.967741935483871,19.806451612903224,0.35179153094462545,20.06451612903226,100.41935483870968,91.84576991738281,1,0,1,1,0,0
2010-06-01,2010,4.857142857142857,16.571428571428573,0.29310344827586204,17.142857142857142,88.85714285714286,92.7084013860608,1,0,1,1,0,0
2010-07-01,2010,0.0,0.0,0.0,0.0,0.0,,1,0,1,1,0,1
2010-08-01,2010,0.0,0.0,0.0,0.0,0.0,,1,0,1,1,0,1
2010-09-01,2010,0.0,0.0,0.0,0.0,0.0,,1,0,1,1,0,1
2010-10-01,2010,6.395348837209302,18.162790697674417,0.35211267605633806,20.302325581395348,99.13953488372093,93.5670971248103,1,0,1,1,0,0
2010-11-01,2010,6.467592592592593,17.953703703703702,0.36023723568849925,21.31712962962963,100.11342592592592,95.62354811776355,1,0,1,1,0,0
2010-12-01,2010,6.643497757847534,18.289237668161434,0.3632462915287484,21.331838565022423,98.09192825112108,94.61144700552897,1,0,1,1,0,0
2011-01-01,2011,6.469565217391304,18.02173913043478,0.3589867310012063,21.702173913043477,99.92173913043479,94.40054246038791,1,0,1,1,0,0
2011-02-01,2011,6.270949720670391,17.93854748603352,0.3495795702273435,21.44413407821229,99.6927374301676,94.3763972318457,1,0,1,1,0,0
2011-03-01,2011,6.600877192982456,18.12061403508772,0.36427447658235507,21.75438596491228,99.88157894736842,94.3932542627897,1,0,1,1,0,0
2011-04-01,2011,6.072072072072072,17.4009009009009,0.3489515920269221,21.792792792792792,99.86486486486487,93.39223400433927,1,0,1,1,0,0
2011-05-01,2011,5.909090909090909,17.59090909090909,0.3359173126614987,18.636363636363637,95.10606060606061,91.34469014469015,1,0,1,1,0,0
2011-06-01,2011,7.6,20.8,0.36538461538461536,18.8,94.6,91.41636002886003,1,0,1,1,0,0
2011-07-01,2011,0.0,0.0,0.0,0.0,0.0,,1,0,1,1,0,1
2011-08-01,2011,0.0,0.0,0.0,0.0,0.0,,1,0,1,1,0,1
2011-09-01,2011,0.0,0.0,0.0,0.0,0.0,,1,0,1,1,0,1
2011-10-01,2011,0.0,0.0,0.0,0.0,0.0,,1,0,1,1,0,1
2011-11-01,2011,0.0,0.0,0.0,0.0,0.0,,1,0,1,1,0,1
2011-12-01,2011,6.294642857142857,18.544642857142858,0.3394318728935965,20.232142857142858,95.44642857142857,92.23112864525655,1,0,1,1,0,0
2012-01-01,2012,6.091085271317829,17.705426356589147,0.34402364273204905,20.430232558139537,94.15503875968992,94.084015407617,1,0,1,1,0,0
2012-02-01,2012,6.480861244019139,18.74641148325359,0.3457120980091884,20.779904306220097,95.88277511961722,93.8616386901316,1,0,1,1,0,0
2012-03-01,2012,6.480237154150197,18.462450592885375,0.35099550417469494,21.634387351778656,97.99209486166008,93.86328374313939,1,0,1,1,0,0
2012-04-01,2012,6.675233644859813,18.700934579439252,0.3569465267366317,21.242990654205606,97.32943925233644,92.98450809189005,1,0,1,1,0,0
2012-05-01,2012,5.633333333333334,17.275,0.3260974433188616,18.558333333333334,91.73333333333333,92.47301118300184,1,0,1,1,0,0
2012-06-01,2012,7.269230769230769,20.153846153846153,0.3606870229007634,18.076923076923077,98.26923076923077,93.34599145299144,1,0,1,1,0,0
2012-07-01,2012,0.0,0.0,0.0,0.0,0.0,,1,0,1,1,0,1
2012-08-01,2012,0.0,0.0,0.0,0.0,0.0,,1,0,1,1,0,1
2012-09-01,2012,0.0,0.0,0.0,0.0,0.0,,1,0,1,1,0,1
2012-10-01,2012,5.958333333333333,17.791666666666668,0.33489461358313816,21.666666666666668,95.875,94.62003185703185,1,0,1,1,0,0
2012-11-01,2012,7.052272727272728,19.586363636363636,0.36006033882571364,21.39090909090909,97.32045454545455,95.29586976911976,1,0,1,1,0,0
2012-12-01,2012,7.319196428571429,20.515625,0.3567620498313568,21.904017857142858,97.87276785714286,94.63585010343638,1,0,1,1,0,0
2013-01-01,2013,7.039823008849558,19.79646017699115,0.3556101922217255,22.373893805309734,97.8716814159292,94.59152915918726,1,0,1,1,0,0
2013-02-01,2013,6.94475138121547,19.14364640883978,0.3627705627705628,22.723756906077348,99.02486187845304,94.46260563214933,1,0,1,1,0,0
2013-03-01,2013,7.385593220338983,20.408898305084747,0.3618810339458112,22.239406779661017,98.60169491525424,94.483770596978,1,0,1,1,0,0
2013-04-01,2013,7.292307692307692,20.46153846153846,0.35639097744360904,22.43846153846154,98.57307692307693,93.41148474152277,1,0,1,1,0,0
2013-05-01,2013,7.0,20.414634146341463,0.3428912783751494,18.597560975609756,93.71951219512195,92.29898631088874,1,0,1,1,0,0
2013-06-01,2013,8.5,20.166666666666668,0.4214876033057851,18.555555555555557,94.77777777777777,93.75357200589549,1,0,1,1,0,0
2013-07-01,2013,0.0,0.0,0.0,0.0,0.0,,1,0,1,1,0,1
2013-08-01,2013,0.0,0.0,0.0,0.0,0.0,,1,0,1,1,0,1
2013-09-01,2013,0.0,0.0,0.0,0.0,0.0,,1,0,1,1,0,1
2013-10-01,2013,8.052631578947368,21.05263157894737,0.38249999999999995,21.473684210526315,100.13157894736842,95.44843079922026,1,0,1,1,0,0
2013-11-01,2013,7.49780701754386,20.88157894736842,0.3590632220121823,21.532894736842106,98.89254385964912,97.49712689257389,1,0,1,1,0,0
2013-12-01,2013,7.744292237442922,21.735159817351597,0.3563025210084034,21.71689497716895,101.07534246575342,96.60469999198911,1,0,1,1,0,0
2014-01-01,2014,7.56140350877193,21.142543859649123,0.35763924904055594,22.12280701754386,101.07456140350877,96.55667689752981,1,0,1,1,0,0
2014-02-01,2014,7.686440677966102,21.2090395480226,0.3624134256792755,21.92090395480226,101.08474576271186,96.28926537989112,1,0,1,1,0,0
2014-03-01,2014,7.9789029535864975,22.078059071729957,0.36139512661251794,22.229957805907173,101.75316455696202,96.35403050308162,1,0,1,1,0,0
2014-04-01,2014,8.139344262295081,22.614754098360656,0.35991301196085534,22.94672131147541,103.30327868852459,95.10068712580603,1,0,1,1,0,0
2014-05-01,2014,7.811111111111111,21.933333333333334,0.35612968591691996,19.333333333333332,99.25555555555556,92.70755069823923,1,0,1,1,0,0
2014-06-01,2014,10.1,23.4,0.43162393162393164,20.3,98.6,92.44324216524217,1,0,1,1,0,0
2014-07-01,2014,0.0,0.0,0.0,0.0,0.0,,1,0,1,1,0,1
2014-08-01,2014,0.0,0.0,0.0,0.0,0.0,,1,0,1,1,0,1
2014-09-01,2014,0.0,0.0,0.0,0.0,0.0,,1,0,1,1,0,1
2014-10-01,2014,7.211538461538462,21.115384615384617,0.34153005464480873,20.692307692307693,98.90384615384616,93.42003696003697,1,0,1,1,0,0
2014-11-01,2014,7.641891891891892,21.81756756756757,0.3502632393930009,21.59234234234234,99.73648648648648,96.16570219608847,1,0,1,1,0,0
2014-12-01,2014,7.931330472103005,22.373390557939913,0.354498369460963,22.263948497854077,101.31115879828326,96.44758327477989,1,0,1,1,0,0
2015-01-01,2015,7.7780172413793105,22.66810344827586,0.34312606959498004,22.11853448275862,99.21120689655173,96.6637638653083,1,0,1,1,1,0
2015-02-01,2015,7.8602484472049685,22.925465838509318,0.34286101327553503,21.972049689440993,98.86645962732919,96.46202518292911,1,0,1,1,1,0
2015-03-01,2015,7.938559322033898,22.296610169491526,0.3560433295324971,22.125,100.07627118644068,96.43705008714369,1,0,1,1,1,0
2015-04-01,2015,8.120833333333334,22.925,0.35423482370047255,22.429166666666667,101.22083333333333,96.55940803515381,1,0,1,1,1,0
2015-05-01,2015,9.125,26.291666666666668,0.3470681458003169,22.125,100.27777777777777,96.6265925925926,1,0,1,1,1,0
2015-06-01,2015,9.666666666666666,29.416666666666668,0.32861189801699714,19.416666666666668,97.08333333333333,98.54270955165691,1,0,1,1,1,0
2015-07-01,2015,0.0,0.0,0.0,0.0,0.0,,1,0,1,1,1,1
2015-08-01,2015,0.0,0.0,0.0,0.0,0.0,,1,0,1,1,1,1
2015-09-01,2015,0.0,0.0,0.0,0.0,0.0,,1,0,1,1,1,1
2015-10-01,2015,7.776315789473684,23.25,0.33446519524617996,20.894736842105264,102.46052631578948,98.98275771641362,1,0,1,1,1,0
2015-11-01,2015,8.327354260089686,23.800448430493272,0.3498822421102214,21.672645739910315,100.18834080717488,99.29231911992237,1,0,1,1,1,0
2015-12-01,2015,8.410087719298245,23.769736842105264,0.35381492757634464,21.910087719298247,101.55263157894737,97.78798960047158,1,0,1,1,1,0
2016-01-01,2016,8.347826086956522,23.62608695652174,0.3533308796466691,22.341304347826085,102.5,98.17688880413594,1,0,1,1,1,0
2016-02-01,2016,8.543859649122806,23.950292397660817,0.35673299963374433,22.564327485380115,105.35672514619883,98.38583654268062,1,0,1,1,1,0
2016-03-01,2016,8.719409282700422,24.59071729957806,0.3545813315030885,22.860759493670887,103.9915611814346,98.46936703486027,1,0,1,1,1,0
2016-04-01,2016,9.331683168316832,25.702970297029704,0.36305855161787365,23.103960396039604,103.58415841584159,97.5469011479207,1,0,1,1,1,0
2016-05-01,2016,9.708333333333334,25.98611111111111,0.3735970069481561,19.52777777777778,102.375,96.38585232332757,1,0,1,1,1,0
2016-06-01,2016,10.714285714285714,30.142857142857142,0.35545023696682465,20.285714285714285,100.14285714285714,97.34342328042328,1,0,1,1,1,0
2016-07-01,2016,0.0,0.0,0.0,0.0,0.0,,1,0,1,1,1,1
2016-08-01,2016,0.0,0.0,0.0,0.0,0.0,,1,0,1,1,1,1
2016-09-01,2016,0.0,0.0,0.0,0.0,0.0,,1,0,1,1,1,1
2016-10-01,2016,8.088888888888889,24.755555555555556,0.3267504488330341,21.711111111111112,103.1,98.18978831357872,1,0,1,1,1,0
2016-11-01,2016,9.47816593886463,26.602620087336245,0.3562869336835194,22.024017467248907,103.98689956331877,99.29041228730614,1,0,1,1,1,0
2016-12-01,2016,9.79094827586207,27.05603448275862,0.36187669268758965,22.558189655172413,105.21336206896552,98.7951477133151,1,0,1,1,1,0
2017-01-01,2017,9.939461883408072,27.269058295964125,0.3644959710573919,22.957399103139014,107.03139013452915,98.93999143436842,1,0,1,1,1,0
2017-02-01,2017,9.803030303030303,27.348484848484848,0.35844875346260385,22.75151515151515,106.92424242424242,98.95455813442089,1,0,1,1,1,0
2017-03-01,2017,9.495850622406639,26.8402489626556,0.3537914508773286,22.63278008298755,105.36514522821577,98.76477007683297,1,0,1,1,1,0
2017-04-01,2017,9.952631578947368,28.063157894736843,0.35465116279069764,23.66315789473684,106.43157894736842,98.58808878111718,1,0,1,1,1,0
2017-05-01,2017,11.172413793103448,30.551724137931036,0.3656884875846501,24.20689655172414,108.75862068965517,100.21899334543257,1,0,1,1,1,0
2017-06-01,2017,13.7,35.9,0.3816155988857939,25.5,118.2,100.92527674624228,1,0,1,1,1,0
2017-07-01,2017,0.0,0.0,0.0,0.0,0.0,,1,0,1,1,1,1
2017-08-01,2017,0.0,0.0,0.0,0.0,0.0,,1,0,1,1,1,1
2017-09-01,2017,0.0,0.0,0.0,0.0,0.0,,1,0,1,1,1,1
2017-10-01,2017,10.211538461538462,28.701923076923077,0.35577889447236183,21.865384615384617,104.9951923076923,101.16023546406645,1,0,1,1,1,0
2017-11-01,2017,10.591549295774648,28.950704225352112,0.3658477256142058,22.830985915492956,105.58920187793427,99.46568627170228,1,0,1,1,1,0
2017-12-01,2017,10.332599118942731,28.341409691629956,0.36457604725266185,22.737885462555067,105.01541850220265,99.04043698395299,1,0,1,1,1,0
2018-01-01,2018,10.25,28.694444444444443,0.35721200387221685,23.199074074074073,106.64583333333333,99.2784322891173,1,0,1,1,1,0
2018-02-01,2018,10.70625,29.740625,0.35998739098455396,24.015625,108.40625,99.89474124124125,1,0,1,1,1,0
2018-03-01,2018,10.666666666666666,29.184684684684683,0.36548850131193084,23.754504504504503,107.240990990991,100.08666885066884,1,0,1,1,1,0
2018-04-01,2018,10.738636363636363,30.107954545454547,0.35667107001321,24.5,106.28977272727273,99.29685164636777,1,0,1,1,1,0
2018-05-01,2018,10.758064516129032,31.758064516129032,0.3387506348400203,21.661290322580644,104.43548387096774,97.447091886608,1,0,1,1,1,0
2018-06-01,2018,10.666666666666666,30.833333333333332,0.34594594594594597,24.333333333333332,105.0,98.94736461388074,1,0,1,1,1,0
2018-07-01,2018,0.0,0.0,0.0,0.0,0.0,,1,0,1,1,1,1
2018-08-01,2018,0.0,0.0,0.0,0.0,0.0,,1,0,1,1,1,1
2018-09-01,2018,0.0,0.0,0.0,0.0,0.0,,1,0,1,1,1,1
2018-10-01,2018,11.213636363636363,31.37727272727273,0.3573808489062726,23.827272727272728,112.32272727272728,100.42650145288502,1,0,1,1,1,0
2018-11-01,2018,10.853881278538813,31.27625570776256,0.3470326301189868,23.67351598173516,109.66438356164383,103.02452276186523,1,0,1,1,1,0
2018-12-01,2018,11.036529680365296,31.04794520547945,0.35546731377307156,24.397260273972602,109.61643835616438,102.20291107943001,1,0,1,1,1,0
2019-01-01,2019,11.352941176470589,31.74660633484163,0.35761117445838086,24.997737556561084,111.1447963800905,102.371325621942,1,0,1,1,1,0
2019-02-01,2019,11.708860759493671,32.93987341772152,0.3554616197521375,25.303797468354432,113.21835443037975,102.46044717010466,1,0,1,1,1,0
2019-03-01,2019,11.732142857142858,32.973214285714285,0.3558082859463851,24.765625,111.63392857142857,102.5782820976492,1,0,1,1,1,0
2019-04-01,2019,12.189873417721518,33.721518987341774,0.36148648648648646,25.60759493670886,113.30379746835443,101.89770883997421,1,0,1,1,1,0
2019-05-01,2019,11.672413793103448,34.775862068965516,0.33564700049578583,22.862068965517242,108.75862068965517,100.95056598283138,1,0,1,1,1,0
2019-06-01,2019,12.3,34.3,0.35860058309037907,25.3,107.7,102.01933739012846,1,0,1,1,1,0
2019-07-01,2019,0.0,0.0,0.0,0.0,0.0,,1,0,1,1,1,1
2019-08-01,2019,0.0,0.0,0.0,0.0,0.0,,1,0,1,1,1,1
2019-09-01,2019,0.0,0.0,0.0,0.0,0.0,,1,0,1,1,1,1
2019-10-01,2019,11.661764705882353,33.654411764705884,0.3465151846187459,23.330882352941178,110.25,102.6781377108983,1,0,1,1,1,0
2019-11-01,2019,12.016279069767442,33.50232558139535,0.35866999861168963,24.2,110.44186046511628,103.62516801392862,1,0,1,1,1,0
2019-12-01,2019,12.0,33.93636363636364,0.35360300026788105,24.022727272727273,110.27727272727273,102.4574149667638,1,0,1,1,1,0
2020-01-01,2020,11.963963963963964,33.6463963963964,0.35557935604792823,24.416666666666668,112.36936936936937,102.34311245661246,1,0,1,1,1,0
2020-02-01,2020,12.526785714285714,34.25297619047619,0.36571378920844555,25.089285714285715,112.9047619047619,102.183688991189,1,0,1,1,1,0
2020-03-01,2020,12.85897435897436,35.544871794871796,0.3617673579801623,24.756410256410255,112.78846153846153,102.93295213492974,1,0,1,1,1,0
2020-04-01,2020,0.0,0.0,0.0,0.0,0.0,,1,0,1,1,1,1
2020-05-01,2020,0.0,0.0,0.0,0.0,0.0,,1,0,1,1,1,1
2020-06-01,2020,0.0,0.0,0.0,0.0,0.0,,1,0,1,1,1,1
2020-07-01,2020,0.0,0.0,0.0,0.0,0.0,,1,0,1,1,1,1
2020-08-01,2020,0.0,0.0,0.0,0.0,0.0,,1,0,1,1,1,1
2020-09-01,2020,0.0,0.0,0.0,0.0,0.0,,1,0,1,1,1,1
2020-10-01,2020,0.0,0.0,0.0,0.0,0.0,,1,0,1,1,1,1
2020-11-01,2020,0.0,0.0,0.0,0.0,0.0,,1,0,1,1,1,1
2020-12-01,2020,12.544776119402986,34.634328358208954,0.3622064210299505,24.70149253731343,112.40298507462687,102.56071382519144,1,0,1,1,1,0
2021-01-01,2021,12.912162162162161,35.083333333333336,0.36804262694999035,24.53828828828829,111.16891891891892,102.41794975488021,1,0,1,1,1,0
2021-02-01,2021,12.808962264150944,34.7311320754717,0.36880347684367787,24.818396226415093,112.82311320754717,101.04565534457878,1,0,1,1,1,0
2021-03-01,2021,12.566176470588236,34.39950980392157,0.36530103313145706,24.482843137254903,110.87009803921569,101.03745714638058,1,0,1,1,1,0
2021-04-01,2021,12.495833333333334,34.30625,0.364243638792737,25.033333333333335,112.36666666666666,100.96621746193661,1,0,1,1,1,0
2021-05-01,2021,12.679190751445086,34.50867052023121,0.36742043551088777,24.760115606936417,113.14739884393063,100.23464011988868,1,0,1,1,1,0
2021-06-01,2021,12.766666666666667,35.022222222222226,0.36453045685279184,21.7,109.67777777777778,99.65908456433313,1,0,1,1,1,0
2021-07-01,2021,12.0,33.5,0.3582089552238806,26.0,117.5,,1,0,1,1,1,0
